uuid,name,items,items_untrack,duration,gender,age,height,weight,fps,steps
00060ec9-8232-488b-8474-fd48d7b7cc1e,Cause_motion-move,,,61.78,male,25,165.0,60.0,90,"Move the chair away from you and bring it back to the same spot, repeatedly."
000f780a-4fdd-4cc8-9ceb-f464a652271d,Adjusting-tweak,,,61.778,female,25,160.0,47.0,90,"Walk backward from A to B while keeping both hands on the table and sliding it with very small side-to-side corrections, repeatedly."
005c3feb-90b1-414f-b93e-5f4391b9ee7d,Cause_motion-drop,,,66.403,male,24,170.0,50.0,90,"Walk backward from A to B holding the box, and now and then let it drop to the floor and pick it back up, repeatedly."
00780541-e716-44d8-b660-d844b27d58f7,Removing-remove,,,64.146,female,20,165.0,47.0,90,"With both hands on the bucket, lift it just enough to clear the floor and move it away from where it was sitting, then set it down without letting go, repeatedly."
007ae3c2-cb27-4fd8-87ba-d1a80f11023b,Cause_to_move_in_place-spin,,,60.313,male,21,180.0,80.0,90,"Keep both hands on opposite tabletop edges and spin the table quickly around its vertical axis in short bursts, stopping it each time without letting it drift across the floor, repeatedly."
0088fbfe-80f1-4286-a559-2bf8ad486f25,Cause_to_move_in_place-vibrate,,,63.243,male,23,175.0,80.0,90,"Hold one chair leg near the bottom and give it quick, tiny push-pull motions so the whole chair trembles slightly, repeatedly."
00956b8d-fe9a-4571-b80e-38c26158f81e,Cause_motion-push,,,60.631,male,24,170.0,50.0,90,"Walk from A to B while pushing the box straight ahead of you on the floor, repeatedly."
00af1e72-2391-4423-8155-10b420f503b3,Cause_to_move_in_place-rotate,,,61.13,female,22,164.0,50.0,90,"Hold the chair at the backrest ring and rotate it around a diagonal axis so it tips one way and then the other, repeatedly."
00bdca44-81ef-467a-b782-dad4e4137946,Manipulation-tug,,,61.271,male,20,177.0,65.0,90,"Grip one end of the rope with both hands and give it hard, sudden tugs toward your body, repeatedly."
00dc7e11-1e39-4f72-908e-bea8a1c4e72c,Cause_to_move_in_place-wave,,,60.776,male,20,177.0,65.0,90,"With your elbow tucked close to your side, wave the paper in short, quick back-and-forth sways so it bends and snaps lightly while your hand stays anchored, repeatedly."
00f28fba-21d2-4349-8b9e-cbb449795186,Manipulation-hold,,,62.588,male,25,165.0,60.0,90,"Hold the ball above your head with both hands, keeping your grip secure and the ball stable."
0102db6d-38c1-426f-bdff-01b9bb138bc7,Removing-rip,,,62.183,male,24,170.0,50.0,90,"With the paper flat on the table, rip a piece off by pulling upward against the tabletop, repeatedly."
0106eaa0-692c-46ab-a0a8-7681d99315e3,Cause_to_move_in_place-rock,,,61.106,male,21,180.0,80.0,90,"With both hands staying on the tabletop, rock the table in short side-to-side pulses while keeping the legs planted in the same spots, repeatedly."
0114ba19-c22d-4001-a277-69a037b5b8e3,Scouring-rummage,,,60.966,female,22,164.0,50.0,90,"Turn the box a little at a time and keep rummaging inside, as if the item could be tucked along any side, repeatedly."
014d8cc3-3b76-46aa-850e-4593429fc789,Manipulation-nudge,,,60.942,male,20,177.0,65.0,90,"Nudge the table edge with your elbow in short pokes while you brace one of the table legs with your foot so it does not roll on its wheels, repeatedly."
0162e6a4-3413-4140-b40b-cf306173f206,Adjusting-tweak,,,60.85,male,21,180.0,80.0,90,"Shuttle between A and B while pushing the box on the floor with both hands, and make tiny steering corrections to keep it tracking straight, repeatedly."
017e5c46-de73-4a07-b5d6-181f5f1fa9be,Removing-purge,,,60.92,male,20,177.0,65.0,90,"Rock the bucket in wide arcs so the water rinses around the inside, then dump it out to purge away debris, repeatedly."
018d559f-fc07-41a0-bdd7-e4da6fc704c8,Emptying-purge,,,68.531,male,23,175.0,80.0,90,"Walk a figure-eight around center while turning the box upside down and back up as if purging it of anything inside, repeatedly."
01a8a334-f8a8-4a8a-ab8f-cd49d23272b3,Placing-hang,,,62.111,male,25,165.0,60.0,90,"Walk a figure-eight around center holding the hoodie, and hang it over the chair backrest when you pass through center, repeatedly."
01e638b6-bf2e-47ab-93e4-e714e85781af,Taking-seize,,,64.523,female,25,160.0,47.0,90,"Push the table away a short distance and immediately seize it back with a sharp pull that makes it scrape, repeatedly."
020ea6c8-8f7a-4472-93d6-2408ceb4d442,Cause_motion-move,,,62.413,female,22,164.0,50.0,90,"Side-step along the edge from A to B while carrying the box at waist height, repeatedly."
022bd27d-92e0-4002-9081-a91443726c38,Bringing-lug,,,62.707,female,20,165.0,47.0,90,"Walk backward from A to B while lugging the mop in front of you with the head scraping lightly along the floor, repeatedly."
0277514a-9c1e-4426-b432-0bb2d7abe1d2,Cause_motion-thrust,,,61.875,male,23,175.0,80.0,90,"With both hands on the box, give it sudden forward jabs so it shoots a short distance and you immediately catch up to keep contact, repeatedly."
02f5050d-5b87-494e-b85e-d229efe38ad8,Cause_to_move_in_place-spin,,,62.527,female,25,160.0,47.0,90,"Grip the tabletop at two corners and spin the table fast a small amount, then spin it back the other way, repeatedly."
0316debb-a5fb-449f-b1b5-89406c0f42d4,Adjusting-adjust,,,62.346,male,20,177.0,65.0,90,"Walk a figure-eight around center while keeping both hands on the table and steering it through small position changes, repeatedly."
033be447-740b-415c-9077-e46d8fb1a1a6,Taking-grab,,,60.93,female,22,164.0,50.0,90,"Push the chair away from you with your hands still on it, then suddenly yank it back into your body in a quick grab, repeatedly."
03518d41-d41e-425c-9775-57c3e6388314,Cause_motion-push,,,62.003,male,25,165.0,60.0,90,"Walk from center to B while pushing the chair ahead of you so it keeps moving away from your body, repeatedly."
0375dc22-d2c4-40df-a4ba-e42a5cadc899,Cause_motion-wrench,,,65.353,female,20,165.0,47.0,90,"Grip the wrench low near your waist as if you are breaking something loose, and snap the handle through a short, forceful twist and back, repeatedly."
037e2f0b-f30a-4977-be03-67aa696e00a8,Filling-splash,,,61.601,male,25,165.0,60.0,90,"Swing the bucket in short side-to-side arcs so small amounts of water splash out in droplets onto the floor near you, repeatedly."
038d2f65-f22d-401e-b4e6-eead2d1d9ff7,Adjusting-tweak,,,63.462,male,24,170.0,50.0,90,"Walk backward from A to B while holding the chair in front of you and making very small tweaks to how far it is from your torso, repeatedly."
03908bbc-ea01-4dee-b944-c52594d36726,Cause_motion-lift,,,62.084,female,22,164.0,50.0,90,"Lift the box from the floor to arm’s length in front of you, bring it back in, and set it down without releasing it, repeatedly."
039a9c9d-ca17-40ab-bdce-23d27e26a0b2,Removing-dislodge,,,64.036,female,20,165.0,47.0,90,"Tilt the bucket and snap it back upright with a quick motion to dislodge debris from the bottom, repeatedly."
03afc2af-c4ed-4e25-98b9-4de838e422d5,Attaching-append,lego,,62.936,female,20,165.0,47.0,90,"Hold a longer Lego strip, append one block to the far end like an extension, then detach that added block, repeatedly."
03cd2478-286b-48ce-8b3d-eb5118d32e8d,Taking-grab,,,58.721,male,21,180.0,80.0,90,"Shuttle between A and B while carrying the box, and at each end dip it down close to the floor and snap it back up into your arms like a quick grab, repeatedly."
03e8959b-94de-434b-ae42-338f168bd08a,Cause_motion-roll,,,62.431,female,20,165.0,47.0,90,"Walk a figure-eight around center while rolling the ball along the floor beside you with one hand, repeatedly."
03f4c075-efb1-4e0c-8b5c-2e9fbadc4e67,Cause_to_move_in_place-spin,,,62.665,female,20,165.0,47.0,90,"Walk a figure-eight around center while spinning the mop along its axis in front of you, repeatedly."
04024650-e55a-47e4-9af5-24c02237d242,Change_posture-stand_up,,,63.111,female,22,164.0,50.0,90,"Sit on the floor holding the box against your torso, stand up with the box, then sit back down while still holding it, repeatedly."
040406f7-cbf7-4ec7-8b93-6f7cb454f6ea,Cause_to_move_in_place-wiggle,,,61.878,female,22,164.0,50.0,90,"Hold the box in front of your torso and wiggle it slightly toward your body and away from your body in short strokes, repeatedly."
0412a596-3483-4668-bdde-7e18490a7ad1,Scouring-ransack,,,61.482,female,22,164.0,50.0,90,"Stand at corner C. Ransack the area by moving toward A in short bursts, and at each stop lean in and use your arms to briskly clear and check the floor area in front of you, then immediately move again. After reaching A, keep ransacking back toward C the same way for about a minute. End standing neutrally near C."
0436177c-83d2-421d-bb0c-2c959f73b0a2,Attaching-stick,,,61.511,male,24,170.0,50.0,90,"Peel off one sticky note and press it flat onto a wall, then peel it off cleanly, repeatedly."
043de1b7-6de2-4636-b22c-76e4b92871db,Filling-stuff,,,60.743,male,21,180.0,80.0,90,"Stuff the box by pushing one forearm inside and twisting it slightly as if wedging it into a tight space, repeatedly."
043e2005-ce93-4033-aa6f-561db7fae4d2,Cause_to_move_in_place-rock,,,62.884,male,25,165.0,60.0,90,"Hold the chair out in front with bent elbows and rock it from side to side with wider, smoother swings, repeatedly."
04456863-4e1a-4518-a335-672fecd2db83,Filling-splash,,,60.151,female,22,164.0,50.0,90,"Walk a figure-eight around center while giving the bucket quick shakes so droplets splash out and scatter on the floor, repeatedly."
044e38c9-0dd3-4692-a67d-b4c30e5c5cf6,Scouring-ransack,,,60.911,male,22,175.0,80.0,90,"Start at point A. Ransack the four corners in sequence: move quickly from A toward B, search that corner area in a fast, vigorous way with bending and rapid hand-sweeps near the floor, then rush to C, then D, then E, searching each corner the same way. Keep cycling through as time allows for about a minute. End standing neutrally back at A."
044f7666-49a9-4383-ad3c-d84d23d13ce0,Cause_to_move_in_place-turn,,,60.735,male,22,175.0,80.0,90,"With the mop head on the floor, turn the handle so the mop head slowly circles around a small spot, repeatedly."
045a0485-3a19-4d29-9314-95753389c9cb,Removing-dust,,,63.044,female,25,160.0,47.0,90,"Dust the inside of the bucket by holding it and sweeping your hands around the inner walls and across the bottom, repeatedly."
046bfee5-1502-4125-bc77-29828e5e0d00,Scouring-ransack,,,63.626,male,23,175.0,80.0,90,"Begin near corner D. Ransack your way along the edge toward corner E by stepping fast, stopping abruptly, and doing a rapid, forceful scan with your whole upper body, bending down and reaching across the floor area in front of you before moving on. Keep that intense, no-nonsense searching style for about a minute. Finish standing neutrally near E."
048ca155-4aa5-41bc-8356-9f3121d3ad52,Placing-bag,,,60.94,male,21,180.0,80.0,90,"Walk backward from center to A while holding the backpack open and bagging the book into the main compartment before closing it, repeatedly."
048e150a-c9fc-4a8c-8a44-d73ab3a94f88,Attaching-stick,,,61.979,male,20,177.0,65.0,90,"Overlap two sticky notes so they stick to each other, then pull them apart, repeatedly."
048f2490-6333-42d0-a10e-bc0fbe56c8d4,Filling-douse,,,62.663,male,21,180.0,80.0,90,"Tip the bucket to pour a heavy gush onto one spot on the floor so the area gets thoroughly soaked, repeatedly."
04a1c26a-fe54-4884-a914-c4fe55216755,Adjusting-adjust,,,61.307,male,20,177.0,65.0,90,"With both hands on the chair, tip it just enough to lift one pair of legs and set them down in a better spot to adjust how it sits, repeatedly."
04a392f4-d27a-47dd-93a0-032898679c74,Attaching-stick,,,61.9,male,25,165.0,60.0,90,"Peel off one sticky note and press it flat onto a wall, then peel it off cleanly, repeatedly."
04a4d780-74d4-40c5-aa83-fce48eb08b97,Attaching-strap,,,61.463,male,25,165.0,60.0,90,"Make a simple strap loop around the box so the loop holds on like a carry handle, then take the loop off the box, repeatedly."
04af854e-63d8-4427-9d25-077f4dd70ad3,Attaching-hook,,,61.707,male,20,177.0,65.0,90,"Shuttle between A and B while you hook your forearm over the cloth rack’s top rail to tug it along, then release and hook again, repeatedly."
04b2d311-0f47-4cb5-8ddf-9f912d41ec73,Cause_to_move_in_place-shake,,,63.159,male,21,180.0,80.0,90,"Walk a figure-eight around center while keeping both hands on the tabletop edge and shaking the table in quick, tight bursts without dragging it away from the middle, repeatedly."
04b67903-67de-4ef2-8e69-4a8e279b6cc0,Manipulation-rub,,,61.142,male,24,170.0,50.0,90,"Rub along the outside side of one shoe with your hand, pressing firmly and moving back and forth in short strokes, repeatedly."
04d3842c-2281-4b1b-9457-162638730cdc,Cause_to_move_in_place-swing,,,60.988,male,24,170.0,50.0,90,"Hold the box with both hands in front of you and swing it forward and back like a pendulum, repeatedly."
04dca5d2-cfaf-454b-8aa4-3f08e361b190,Removing-pluck,,,63.625,female,20,165.0,47.0,90,"Slide the paper partly under the table, then quickly pluck it back out into view, repeatedly."
05184faf-d302-4df7-967f-b5557a922e7b,Attaching-strap,,,60.592,male,20,177.0,65.0,90,"Make a simple strap loop around the box so the loop holds on like a carry handle, then take the loop off the box, repeatedly."
0548dc62-7fb3-44e0-9a9d-b933497f34ca,Cause_motion-push,,,61.474,male,20,177.0,65.0,90,"Walk a figure-eight around center while pushing the chair in front of you the entire time, repeatedly."
0558aa96-212e-4875-9c37-b76ad2ec267a,Adjusting-adjust,,,62.797,male,21,180.0,80.0,90,"Walk a figure-eight around center while keeping both hands on the table and steering it through small position changes, repeatedly."
057efcad-79c1-4472-b048-b41f0bec2d6d,Filling-douse,,,62.934,male,25,165.0,60.0,90,"Walk backward from A to B while tipping the bucket enough to keep a steady pour that drenches the floor along your path, repeatedly."
057f516b-2a4a-447f-9b27-8721424dca37,Filling-pack,,,60.719,male,20,177.0,65.0,90,"Shuttle between A and B holding the box, and pack it by dipping both hands inside and pressing down hard, repeatedly."
05857065-4af5-41ee-9b0e-ccad439bbdf3,Placing-smear,,,61.112,male,25,165.0,60.0,90,"Smear mud across the tabletop in wide, even strokes, repeatedly."
058c9e58-c418-413c-81f7-41b5ca33a329,Cause_motion-thrust,,,64.041,male,24,170.0,50.0,90,"Keep both hands on the box and thrust it sharply to one side, then sharply to the other side, repeatedly."
058ccad7-faa6-4e4c-8824-7fd3b1a4b8de,Placing-drizzle,,,62.257,male,25,165.0,60.0,90,"Drizzle liquid into a bottle by aiming the thin stream along the inner wall rather than straight down the middle, repeatedly."
058e46d3-d89d-4501-ac2b-7eaec96f4e9f,Cause_motion-wrench,,,67.524,female,25,160.0,47.0,90,"Side-step along the edge from A to B while giving the wrench a sudden twisting jerk as if it is locked in place, repeatedly."
059da36e-4524-47de-8bd5-016c91202976,Adjusting-tweak,,,60.982,female,22,164.0,50.0,90,"Keep both hands on the table and shift one corner just a little, then settle it back to fine-tune how it sits, repeatedly."
05a48d70-722a-4b76-b9ea-5adf70a752b4,Taking-take,,,61.712,female,20,165.0,47.0,90,"Shuttle between C and D while holding the box, and at each end pull it away from your body and then take it back in tight to your torso, repeatedly."
05a8f5a2-6a9f-4605-b709-9f2683ec0d73,Taking-take,,,61.253,male,22,175.0,80.0,90,"Rotate the table a quarter-turn by holding the tabletop edges and walking it around in small steps, then rotate it back, repeatedly."
05ac0a2e-6b49-443a-9099-83273ef61590,Removing-purge,,,61.919,female,20,165.0,47.0,90,"Tip the bucket to drain the water, then give it a few brisk shakes to purge out leftover droplets, repeatedly."
05afaf19-0d5f-4f16-98c3-ec8e36e0b0ff,Change_posture-lean,,,69.644,male,23,175.0,80.0,90,"Walk backward from A to B while carrying the box, and gently lean your body backward and return upright as you go, repeatedly."
05d46cc9-dd01-4204-9e08-d38b20896bc1,Emptying-empty,,,61.771,male,23,175.0,80.0,90,"Hold the box at waist height, tip it forward as if pouring everything out, then bring it back level, repeatedly."
05f8ee31-83b8-4ee6-ab21-07c0a20eda19,Attaching-hook,,,61.411,male,21,180.0,80.0,90,"Shuttle between A and B along the wall while you alternate hooking the bucket onto a low point and a high point on the wall, repeatedly."
05fff65a-3d97-454e-9488-28a4e67dec61,Bringing-lug,,,61.585,male,21,180.0,80.0,90,"Lug the chair around in tight, irregular walking turns without setting it down, repeatedly."
066d39db-177a-4695-9837-7c785db43108,Cause_motion-push,,,60.748,male,24,170.0,50.0,90,"Walk backward from center to C while pushing the table away from you so it slides ahead of you, repeatedly."
066f9c2c-c611-460b-ad64-98e921be18d6,Cause_to_move_in_place-swirl,,,59.813,male,23,175.0,80.0,90,"Hold the box by the rim and draw large vertical circles with it, like stirring a pot, repeatedly."
067a4a56-b786-4e32-8c8b-ad02629bbe0d,Removing-extract,,,60.804,female,22,164.0,50.0,90,"Hold the bucket low and make strong scooping swings that force the water to spill out, repeatedly."
068c9396-b22d-4574-a478-d778485dbd10,Change_posture-lean,,,61.571,female,22,164.0,50.0,90,"Hold the chair close in front of you by the backrest and lean backward into a slight diagonal without sitting, then come back upright, repeatedly."
06baca5e-aaca-4667-b332-d5a930d8bb32,Bringing-hump,,,61.71,male,25,165.0,60.0,90,"Hump the chair from A to B with the seat pressed into your torso so the load looks awkward and heavy, repeatedly."
06c1c8a9-d823-46d6-b9e8-692d9a4ec01f,Placing-lean,,,60.817,male,20,177.0,65.0,90,"Keep both hands on the box, tip it from upright to a slanted position so one side rests against the nearest wall, then bring it back upright and away, repeatedly."
06cc7ca0-7bc0-4f9b-8f7e-d618ee48c46a,Adjusting-adjust,,,61.829,female,22,164.0,50.0,90,"With both hands on the chair, tip it just enough to lift one pair of legs and set them down in a better spot to adjust how it sits, repeatedly."
06dac3d0-ea06-4e16-81d4-1fe53b0c325f,Adjusting-adjust,,,61.104,male,24,170.0,50.0,90,"Slide the mop head on the floor and slightly change the handle angle to keep the mop head flat and tracking straight, repeatedly."
06dde649-9494-4678-bef2-f9b04fe8af1b,Cause_motion-propel,,,60.979,male,20,177.0,65.0,90,"Holding the box against your torso, propel it upward a little and guide it back down without losing contact, repeatedly."
06de6476-74cb-4b65-9eb3-5c26402ccbb8,Placing-crate,,,61.588,male,25,165.0,60.0,90,"Crate the pen by packing it into the box and folding the flaps closed like it is ready to ship, then open the box and crate it again, repeatedly."
06eabe35-caa6-407e-a915-4db26aa47d18,Cause_to_move_in_place-rotate,,,65.057,female,20,165.0,47.0,90,"Hold the mop upright with the head on the floor, and rotate the handle between your hands so the mop spins around its long axis, repeatedly."
06f259b2-b93b-42d6-a1da-8752253dce4a,Cause_to_move_in_place-spin,,,62.681,female,22,164.0,50.0,90,"Keep one hand steady on the backrest ring as a pivot and use your other hand to drive a quick spin of the chair in place, repeatedly."
07091104-7f7a-45ca-b5ec-0e9d77f7a967,Attaching-append,,,60.603,male,21,180.0,80.0,90,"Hold a longer Lego strip, append one block to the far end like an extension, then detach that added block, repeatedly."
0726c158-2643-42c6-83ad-236415b043ff,Placing-arrange,,,61.218,male,20,177.0,65.0,90,"Arrange the pen and the box into a straight row on the floor with a clear gap between them, then break the row by picking them up and arrange the row again, repeatedly."
073698a5-d78f-4f0e-980e-ef2fc430ec67,Cause_motion-wrench,,,60.616,female,22,164.0,50.0,90,"Walk a figure-eight around center while wrenching the tool in a sharp, forceful twist as if you are loosening something stubborn, repeatedly."
076072bf-33a1-4149-b231-02d5a191a161,Cause_motion-push,,,61.447,male,25,165.0,60.0,90,"Hold the ball near your chest with one hand and push it away with your other palm, then bring it back to the start position, repeatedly."
079d17db-92ea-41c6-9cf1-dde1de5507ad,Undressing-peel_off,,,61.13,male,20,177.0,65.0,90,"Peel your hoodie off slowly, separating it from your shoulders before you lift it completely free."
07ac3816-2bfd-4f53-8e24-782158afa499,Taking-grab,,,63.1,female,22,164.0,50.0,90,"Shuttle between A and B while carrying the box, and at each end dip it down close to the floor and snap it back up into your arms like a quick grab, repeatedly."
07b975d8-76b9-446e-b1d7-3c5c9ba3e58a,Cause_to_move_in_place-roll,,,61.153,female,20,165.0,47.0,90,"Hold the box by the sides and roll it side-over-side so it turns over and over around its length, repeatedly."
07ba00be-0f38-406b-ac58-ff8300798e37,Scouring-ransack,,,63.155,male,23,175.0,80.0,90,"Tip the box on its side, plunge both hands inside, and aggressively sweep around all interior surfaces as if turning everything over to find something, repeatedly."
07dbbbc1-6d5d-4c6a-b1e3-95bbb3755491,Cause_to_move_in_place-jiggle,,,60.58,male,20,177.0,65.0,90,"Lift the box a little and jiggle it with quick, small up-and-down bounces, repeatedly."
07e3a8cd-3336-4f28-9326-97ec535269a2,Taking-take,,,64.135,male,21,180.0,80.0,90,"Shuttle between C and D while holding the box, and at each end pull it away from your body and then take it back in tight to your torso, repeatedly."
07e8a847-a98a-4a75-9abb-2c11a4c667a2,Taking-seize,,,63.232,female,22,164.0,50.0,90,"Trap the mop head lightly between your knees as a resisting source, then wrench it upward into your hands and release, repeatedly."
07eb5c8f-4eee-4eea-9d4e-92c8292d2000,Cause_motion-pull,,,61.408,male,25,165.0,60.0,90,"Shuttle between B and D while pulling the chair with you by the seat edge, repeatedly."
07fdd031-bb33-4f43-8b1b-a108f841fa5f,Manipulation-caress,,,61.189,male,22,175.0,80.0,90,"Gently caress the ball’s surface with your palm using light, slow contact, repeatedly."
08174917-d52e-461c-bc18-4db5c1b52cc2,Placing-shoulder,,,61.65,male,25,165.0,60.0,90,"Pick up the hoddie and carry it draped over one shoulder like a bag, repeatedly."
082f48ce-903f-40c7-ba34-ed6b389f38d1,Placing-bin,,,63.364,male,24,170.0,50.0,90,"Bin the ball by letting it fall into the bucket from hand height, then pick it back up and bin it again, repeatedly."
086edd9c-dcff-403d-b604-9b41c958de27,Cause_to_move_in_place-swing,,,64.359,male,23,175.0,80.0,90,"Hold the tabletop near two corners and swing the table diagonally so it leans toward one corner and then the opposite corner, repeatedly."
087aac15-bf0e-44c3-b577-923e46c6b731,Cause_to_move_in_place-swirl,,,60.8,male,20,177.0,65.0,90,"With the box on the floor, keep both hands on the rim and slide it in small circles around the same spot, repeatedly."
0887064b-9217-47a7-9634-6162b1d887a2,Removing-flush,,,62.241,male,20,177.0,65.0,90,"Shuttle between A and B while keeping the bucket tilted so water continuously runs to the rim and flushes out debris, repeatedly."
08a7ad0f-8444-40c6-94fa-930df3ea809c,Adjusting-tweak,,,64.447,female,20,165.0,47.0,90,"Keep both hands on the box lid and nudge it a tiny amount out of alignment, then nudge it back into alignment, repeatedly."
08aa97cf-a99c-4855-ad15-b48900b0a163,Adjusting-adjust,,,61.17,male,21,180.0,80.0,90,"With both hands on one side of the table, rotate it a little one way and bring it back to refine its orientation, repeatedly."
08ac94f6-9658-4494-9b47-1b6786dca686,Cause_motion-push,,,64.064,female,20,165.0,47.0,90,"Push the chair away from you on a diagonal, then step with it and push again so it keeps moving away, repeatedly."
08c561db-72d5-4e14-a405-42995f27b280,Cause_to_move_in_place-wiggle,,,61.691,male,24,170.0,50.0,90,"Hold the box by two opposite sides and wiggle it side to side with small, quick movements, repeatedly."
08c7358c-633b-4ee3-a025-c37f17243835,Cause_motion-push,,,62.536,male,22,175.0,80.0,90,"Push on the side of the chair with your forearm in short shoves while keeping it from rolling away on its wheels, repeatedly."
08dc1403-d06e-4030-9674-4c2a77a02bdf,Emptying-purge,,,66.785,female,25,160.0,47.0,90,"Walk backward from B to C while sweeping your hand around inside the box as if cleansing it, repeatedly."
08dd0539-816e-4c84-9185-4b1bf717de7a,Filling-heap,,,60.913,male,20,177.0,65.0,90,"Heap books into the bag until it looks overstuffed and rounded, then empty the bag and heap the books back in, repeatedly."
08e9093f-d99a-4fac-a90c-a1ce53d4d76d,Bringing-hump,,,64.331,male,20,177.0,65.0,90,"Hump the chair from A to B with the seat pressed into your torso so the load looks awkward and heavy, repeatedly."
0903f47e-3f90-4120-8c8a-492a8decdc81,Manipulation-fumble,,,60.544,female,22,164.0,50.0,90,"Fumble at your sleeve cuff with both hands as if trying to straighten it, letting your hands slip and re-grab awkwardly, repeatedly."
09064d09-6f76-4ac1-bc5c-6f0cebb8b8f4,Manipulation-touch,,,61.933,male,20,177.0,65.0,90,"Side-step along the edge from A to B while reaching out to briefly touch the table corner and pull your hand back, repeatedly."
09087195-a526-4316-a73e-4eccae2bf576,Cause_to_move_in_place-seesaw,,,68.843,female,25,160.0,47.0,90,"With the box on the floor, tip it forward onto its front bottom edge and then tip it back onto its back bottom edge, repeatedly."
090dd1d2-42d5-45d0-a588-3f231d5dd437,Bringing-take,,,61.097,male,21,180.0,80.0,90,"Take the table around center by steering it through a figure-eight path with steady pushing on the tabletop edge, repeatedly."
0921de83-5f09-4d92-83e2-44e40536b0c1,Placing-shower,,,64.306,male,20,177.0,65.0,90,"Hold the bucket with both hands and tip it to shower water onto the floor in a wide fan in front of you, repeatedly."
0942e3a2-971e-4bd9-8d0b-44445a48af8a,Cause_motion-lift,,,61.626,female,22,164.0,50.0,90,"Lift only one end of the chair so two legs come up, then lower that end back to the floor, repeatedly."
09588431-6196-4af5-adb5-1e442e6150d0,Manipulation-clasp,,,60.743,male,21,180.0,80.0,90,"Rest the box on the floor and clasp its top rim with both hands, tightening your grip and easing it off, repeatedly."
0960139e-86f4-4d74-b182-c81054baf0fb,Removing-rip,,,62.333,female,20,165.0,47.0,90,"Hold the paper with both hands and rip a small piece off the edge so it separates completely, repeatedly."
0962cade-9739-43be-8330-409fe0f1684a,Placing-file,,,62.992,male,21,180.0,80.0,90,"Open the folder and slide the paper fully inside it, then close the folder, repeatedly."
096c2aab-b35d-4b0b-bf91-e68d8a436778,Placing-pile,,,61.585,male,25,165.0,60.0,90,"Walk a figure-eight around center carrying a box, then place it onto the top of a pile near center, repeatedly."
0979638f-e228-416d-8126-e8441c9785f3,Filling-douse,,,60.994,male,21,180.0,80.0,90,"Walk from center to C while pouring a strong stream from the bucket to thoroughly wet the floor in front of you, repeatedly."
097c820d-ca78-479c-b9a5-5a03fdce3a86,Emptying-empty,,,60.376,female,22,164.0,50.0,90,"Turn the box upside down, give it a few firm shakes, then turn it upright again, repeatedly."
097cdbef-ec66-4d48-89f6-f6025f032596,Cause_to_move_in_place-rock,,,65.022,female,22,164.0,50.0,90,"Walk backward from center to D while rocking the box forward and back with small, controlled tilts, repeatedly."
097e914a-f7b5-4142-a20f-fefa78007e18,Adjusting-tweak,,,60.68,female,22,164.0,50.0,90,"Push the mop forward and back in short strokes, and add very small corrections to your grip position to keep the mop head from wobbling, repeatedly."
09899e0d-5345-42e4-8ea9-d4651f1c67de,Scouring-rummage,,,62.07,female,22,164.0,50.0,90,"Start at point A. Turn your torso side to side as you rummage through the front of your shirt and around your waist, using quick, jumbled movements like you are searching everywhere at once. After a few moments, walk from A toward corner D and keep rummaging continuously as you move. Continue for about a minute, then stop and return to a neutral standing pose."
09957d44-c000-43a9-b9ba-254318a36dd2,Filling-load,,,61.263,male,25,165.0,60.0,90,"Load the box by plunging both forearms into it and pressing down as if you are putting in a lot at once, repeatedly."
09d56a2f-8d77-4b2d-a8af-93d4b4ccb0df,Cause_motion-pull,,,61.794,male,24,170.0,50.0,90,"Walk backward from center to A while keeping both hands on the near edge and pulling the table toward your body, repeatedly."
09faefaf-f083-413b-a502-353cc90ddab9,Bringing-take,,,65.558,female,25,160.0,47.0,90,"Take the box around center by walking a figure-eight path, repeatedly."
0a0306ff-4a1c-4197-9fce-1631d0ae7aed,Bringing-take,,,67.853,male,21,180.0,80.0,90,"Shuttle between C and D while taking the mop with you held close to your torso in both hands, repeatedly."
0a084abc-0266-4348-90ad-a8087f680497,Removing-flush,,,62.642,male,24,170.0,50.0,90,"Swirl the water fast so it sweeps around the inside, then immediately pour it out to flush out any grit, repeatedly."
0a16f0bf-d035-4ff3-9ef1-842762deaab0,Cause_motion-lift,,,64.609,male,20,177.0,65.0,90,"Walk backward from A to B while holding the chair off the floor, briefly lifting it higher and lowering it slightly as you move, repeatedly."
0a3a0e13-fd7a-4326-89f6-6ad596b05048,Cause_motion-push,,,60.742,male,20,177.0,65.0,90,"Shuttle between A and B while pushing the box in front of you along the floor, repeatedly."
0a46c4df-4be2-4b13-bba0-2efb54dccd9f,Bringing-hump,,,60.767,male,21,180.0,80.0,90,"Shuttle between A and B with a hunched posture, hitching the box higher against your torso every few steps, repeatedly."
0a569685-828a-47af-8684-65b74b8caecf,Removing-rip,,,61.553,male,20,177.0,65.0,90,"Rip off a corner of the paper in one sharp pull, repeatedly."
0a6bfebd-b6e3-4a35-8781-464810c41b91,Placing-plant,,,61.094,male,20,177.0,65.0,90,"Plant a small handful of seeds into the ground in front of you by pressing them into a shallow depression and covering them with soil, repeatedly."
0a7d01eb-dab3-4b5e-b91d-4da4707c6be1,Cause_motion-toss,,,61.014,male,20,177.0,65.0,90,"Toss the ball from hand to hand with an easy, relaxed motion, repeatedly."
0a8fff29-39e3-4d8a-9ab3-196a36831dab,Emptying-empty,,,63.211,male,24,170.0,50.0,90,"Lift the box to chest height and rotate it so different corners point down, as if getting the last bits to fall out, repeatedly."
0aade6b7-595c-44d9-b83c-eace36ffd59a,Change_posture-lean,,,62.226,female,25,160.0,47.0,90,"Place the box on the floor in front of you and keep both hands on it as you lean your body over the box and come back up, repeatedly."
0ab5f67e-7dcc-4366-af0b-d71b35a58ddf,Filling-splash,,,60.676,male,20,177.0,65.0,90,"Walk a figure-eight around center while giving the bucket quick shakes so droplets splash out and scatter on the floor, repeatedly."
0ab84de6-cfec-455b-8dc1-3ff80a2da4f5,Adjusting-tweak,,,60.456,female,22,164.0,50.0,90,"Holding the chair by the backrest ring, make a very small turn and return toward the starting direction to tweak its facing, repeatedly."
0abaa788-9350-4a4a-a9db-667298f67e70,Emptying-purge,,,63.114,female,22,164.0,50.0,90,"Walk backward from B to C while sweeping your hand around inside the box as if cleansing it, repeatedly."
0abc0f29-7b40-4c4a-b291-3f7ac690e059,Bringing-hump,,,63.092,male,24,170.0,50.0,90,"Shuttle between C and D while humping the chair low and close to the floor as a difficult, awkward load, repeatedly."
0abcd0c3-8ef0-43fc-9652-cf9e70ba6188,Cause_to_move_in_place-swing,,,60.903,female,20,165.0,47.0,90,"Keep both hands on one tabletop edge and swing the table side to side in a pendulum-like motion by tipping it slightly and bringing it back, repeatedly."
0abe0d5d-e1b8-4121-889e-8b2d0db7b1ad,Cause_motion-move,,,62.365,female,20,165.0,47.0,90,"Walk a figure-eight around center while sliding the mop head along the floor and changing direction with your path, repeatedly."
0ae6171e-dad0-430e-a30c-5d9f126fa66a,Placing-bottle,,,64.321,male,21,180.0,80.0,90,"Line up several bottles and bottle the liquid by filling each bottle one at a time, capping it, and setting it down upright, repeatedly."
0ae6c8ef-0c2f-48e2-8c14-67ce0ff23c83,Taking-grab,,,64.667,female,25,160.0,47.0,90,"Swing the chair across the front of your body and catch it close with a quick grab, repeatedly."
0aeabf87-5b28-49fa-b45f-5e0aa73bf0c9,Emptying-unload,,,61.222,female,22,164.0,50.0,90,"Hold the box out in front of you and swing it down and forward as if unloading something heavy from it, repeatedly."
0b179da4-b338-4e8c-98d8-2126a4637828,Attaching-mount,,,62.336,male,24,170.0,50.0,90,"Using one hand, mount the frame low on the wall around knee height, then remount it around hip height, repeatedly."
0b187f87-3bdd-4578-8dcb-ae84cba2b10c,Cause_to_move_in_place-shake,,,66.587,female,20,165.0,47.0,90,"Grip the box by the side cutouts and shake it hard forward and back, repeatedly."
0b3e8f0b-74de-4af9-8138-6fc704b44508,Undressing-peel_off,,,60.938,male,20,177.0,65.0,90,"Peel off your hoodie as if it is clinging to you, pulling the fabric away from your arms and torso as you remove it."
0b525bf8-5fa1-49e8-86cf-b0389418e3f2,Cause_to_move_in_place-seesaw,,,60.898,female,22,164.0,50.0,90,"Hold the box in front of you and seesaw it between the open top facing slightly upward and the open top facing slightly downward, repeatedly."
0b579084-a645-4d76-b6f8-477b7bf4d2b2,Removing-extract,,,62.501,female,22,164.0,50.0,90,"Walk a figure-eight around center while forcing the water out by sharply tilting the bucket side to side, repeatedly."
0b6283f7-40d7-4bba-a80b-45f207c02c54,Removing-remove,,,61.007,female,22,164.0,50.0,90,"Walk a figure-eight around center while holding the bucket and carrying it away from each point where you pass, repeatedly."
0b713b5d-f33b-48eb-86e3-de94eafd67d5,Removing-dislodge,,,63.519,male,20,177.0,65.0,90,"Side-step along the edge from A to B while giving the bucket short, sudden shakes to dislodge anything stuck inside, repeatedly."
0b75a555-1cad-49e2-b6f2-40dac27415cc,Cause_to_move_in_place-rock,,,64.497,male,23,175.0,80.0,90,"With the mop head touching the floor, rock the top end in a wider side-to-side arc while the bottom end stays close to the same spot, repeatedly."
0b7e6adc-329d-45e5-9dc2-b9d6e24a9357,Adjusting-tweak,,,60.78,male,22,175.0,80.0,90,"Keep both hands on the box lid and nudge it a tiny amount out of alignment, then nudge it back into alignment, repeatedly."
0ba685c2-09d0-4196-b5d9-2c942d695839,Bringing-lug,,,62.411,male,20,177.0,65.0,90,"Shuttle between B and D while lugging the box at chest height and pausing your feet briefly to re-secure it without setting it down, repeatedly."
0ba790c8-074a-4b66-bdfb-52741a4e7638,Removing-pluck,,,60.448,female,22,164.0,50.0,90,"Lay the paper flat and place the pen across one edge; pluck the pen up off the paper in a quick upward motion, repeatedly."
0bc76079-b401-432e-98df-e56c7487659b,Cause_to_move_in_place-vibrate,,,61.657,male,21,180.0,80.0,90,"Hold one top corner of the box steady and use your other hand to make small, rapid push-pull shakes so the box trembles quickly, repeatedly."
0bceefd8-6c5b-4cc7-a5e0-89928f6a321b,Cause_to_move_in_place-roll,,,64.429,male,23,175.0,80.0,90,"With the box on the floor, roll it forward onto the next face and then roll it back onto the previous face to return, repeatedly."
0bd2e1d4-df1d-4216-818b-447d46a862f7,Bringing-lug,,,63.233,male,20,177.0,65.0,90,"Shuttle between A and B while dragging the chair along the floor in short, effortful pulls, repeatedly."
0bdc6450-89d3-49a5-b0b9-bf51043fb277,Placing-brush,,,60.694,male,24,170.0,50.0,90,"Hold the brush by the handle and make long, smooth painting-like strokes with it onto one forearm, repeatedly."
0be3e792-6a36-4bf7-9cad-bc40417835f4,Cause_motion-throw,,,61.4,male,20,177.0,65.0,90,"Throw the ball down hard so it rebounds up toward your chest, and catch it, repeatedly."
0be498ec-9e25-4e96-9c48-cecd0de9e9ce,Emptying-rid,,,62.023,male,23,175.0,80.0,90,"Hold the box upside down in front of you and give it firm shakes to rid it of anything inside, repeatedly."
0bf079f0-c9cd-4902-9954-90e4048d8f11,Cause_motion-drop,,,60.986,male,20,177.0,65.0,90,"Lift the box a little off the floor and let it drop straight down, repeatedly."
0bfdbbc2-90fc-4989-8739-4d4c217dc741,Attaching-fasten,,,60.724,male,21,180.0,80.0,90,"Fasten the rope to the box by running it under the box and tying it on top, repeatedly."
0c008011-2d22-4119-95b8-9464923c4ebb,Bringing-take,,,60.976,male,21,180.0,80.0,90,"Take the box along the edge from D to A while side-stepping, repeatedly."
0c0ef7ec-8728-4623-9932-accb755b6306,Cause_to_move_in_place-rock,,,62.034,male,24,170.0,50.0,90,"Hold the chair by the backrest ring with both hands and rock it from side to side like a slow pendulum, repeatedly."
0c16b840-1cdc-4e4d-81cf-bc25a36c29e9,Adjusting-adjust,,,61.18,male,24,170.0,50.0,90,"Walk a figure-eight around center while guiding the mop, and adjust the width of your sweeps slightly so the mop head stays aligned with your path, repeatedly."
0c278bac-99b5-422b-93bf-bbc0600bc7ed,Placing-plunge,,,63.1,male,25,165.0,60.0,90,"Quickly plunge one hand into the bucket to about wrist depth and pull it back out, repeatedly."
0c2f92cf-d182-4bee-893e-4889ebd05964,Cause_motion-lift,,,61.664,male,25,165.0,60.0,90,"Lift the chair up to around your mid-torso and lower it back to the floor, repeatedly."
0c30ef72-590a-4a27-927b-6221817c6eb0,Bringing-take,,,60.84,female,22,164.0,50.0,90,"Side-step along the edge from C to D while taking the chair with you at arm’s length so it stays in front of your path, repeatedly."
0c35d6f4-2d7e-4127-b755-08a772c43ffc,Removing-remove,,,64.638,male,24,170.0,50.0,90,"Walk a figure-eight around center while holding the bucket and carrying it away from each point where you pass, repeatedly."
0c4701b8-08e3-4121-bbec-36129aaa678b,Manipulation-stroke,,,61.492,male,21,180.0,80.0,90,"Stroke down and up one side of the box with gentle pressure using your palm, repeatedly."
0c52f9a6-c687-4bbc-ba89-e93b224bd0f5,Cause_motion-push,,,66.178,male,23,175.0,80.0,90,"Walk a figure-eight around center while pushing the table ahead of you, repeatedly."
0c69e091-1264-4dbb-8ef0-d708aa92cd50,Emptying-clear,,,62.677,female,22,164.0,50.0,90,"Hold the box at chest height and tip it forward and back as if clearing it out, repeatedly."
0c75ea40-4c9e-4933-872f-f48e2d328e28,Manipulation-fumble,,,61.119,female,22,164.0,50.0,90,"Walk a figure-eight around center while fumbling around your pants pocket opening with one hand, repeatedly."
0cace839-c46c-4166-aa99-aa3baed9e809,Emptying-strip,,,62.006,male,20,177.0,65.0,90,"Shuttle between A and B carrying the box while wiping it down as if stripping off accessories from the outside, repeatedly."
0cbab5c4-22c7-462e-a175-d7ce383fe3b8,Manipulation-hold,,,61.987,male,20,177.0,65.0,90,"Hold the ball firmly with both hands against the front of your chest, keeping the ball steady."
0cc9d2da-ff70-4fef-9194-832a4d23a91a,Taking-take,,,64.069,female,20,165.0,47.0,90,"Lift the chair up from the floor into your hands, bring it in close to your body, and turn in place while keeping control of it, repeatedly."
0cca21c6-5945-4908-8167-f374535dd805,Adjusting-tweak,,,70.015,female,22,164.0,50.0,90,"Shuttle between C and D while pushing the mop, and make very small tweaks to the sweep direction to keep the mop head centered in front of you, repeatedly."
0ce10cce-0b58-4d45-996c-81d8084b79ac,Cause_motion-propel,,,65.273,male,24,170.0,50.0,90,"Shuttle between A and B while continuously pushing the box so it never stops sliding under your hands, repeatedly."
0ce21a45-afd7-4fa7-b4d7-9010998800e0,Cause_to_move_in_place-seesaw,,,60.711,female,22,164.0,50.0,90,"Hold the box by the side cutouts and seesaw it between a clear left-tilt and a clear right-tilt, repeatedly."
0cea4c15-0b73-4fdb-801a-daeb3ea30e56,Attaching-cinch,,,61.071,male,20,177.0,65.0,90,"Wrap the belt around your waist, pull the strap to cinch it snug, buckle it, then unbuckle and loosen it, repeatedly."
0d279b28-fb92-470b-9e13-25f379cbcef3,Bringing-take,,,64.445,male,24,170.0,50.0,90,"Side-step along the edge from C to D while taking the chair with you at arm’s length so it stays in front of your path, repeatedly."
0d2f1e1c-4760-4ae1-a864-2f76b023fee4,Bringing-carry,,,61.443,male,20,177.0,65.0,90,"Side-step along the edge from A to D while carrying the mop held straight out in front of you, repeatedly."
0d313bc9-d38d-4e49-b10c-4105578e5aa2,Taking-take,,,66.472,female,25,160.0,47.0,90,"Shuttle between A and B while carrying the box, and at each end briefly lower it to the floor and take it back up without letting go, repeatedly."
0d56a007-2b1d-422f-a990-e169309e679f,Emptying-cleanse,,,61.708,male,20,177.0,65.0,90,"Walk a figure-eight around center while carrying the box and rotating it through different angles as if cleansing it by emptying it out, repeatedly."
0d57c34d-a36b-4f7e-b447-d331f745057c,Placing-shower,,,64.001,male,21,180.0,80.0,90,"Walk a figure-eight around center while tipping the bucket to shower water onto the floor near where you step, repeatedly."
0d5b5d62-1826-44fe-8548-17a6cc6ef5c3,Cause_motion-lift,,,72.571,female,20,165.0,47.0,90,"Walk backward from A to B while holding the chair off the floor, briefly lifting it higher and lowering it slightly as you move, repeatedly."
0d64f1a2-5d11-497d-a336-fc1a1e64e0f8,Cause_motion-slam,,,61.632,female,25,160.0,47.0,90,"Slam the ball forward and down so it hits the floor in front of you, then walk up and pick it up, repeatedly."
0d6a02ca-48b0-4fe5-8e49-73e52f2770c0,Emptying-purge,,,62.975,female,25,160.0,47.0,90,"Hold the box close to your body and shake it firmly as if purging it of unwanted stuff inside, repeatedly."
0db19a9f-efd2-49f7-aff4-3adffa256cd3,Placing-brush,,,62.76,male,20,177.0,65.0,90,"Walk a figure-eight around center while brushing the bristles across the front of your shirt in broad downward strokes, repeatedly."
0db6ba93-b3b4-4a17-bc3e-0c35d9719863,Placing-drizzle,,,62.369,male,20,177.0,65.0,90,"Drizzle liquid into a bottle by aiming the thin stream along the inner wall rather than straight down the middle, repeatedly."
0dbedf5b-649f-4626-9e0d-4a79e0de1ec2,Scouring-rummage,,,54.78,female,20,165.0,47.0,90,"Walk backward from A to B with the box held at waist height, and every few steps rummage inside with broad, untidy hand motions as if checking every spot, repeatedly."
0dde48f7-fb5d-4669-b60f-be6293ac2962,Placing-crate,,,64.291,male,21,180.0,80.0,90,"Crate the ball by placing it neatly into the box and closing the flaps firmly, then open the box and crate it again, repeatedly."
0deb4ed7-fced-4f0b-9ca8-7c0f9db565c1,Cause_motion-propel,,,63.265,female,20,165.0,47.0,90,"Shuttle between A and B while continuously pushing the box so it never stops sliding under your hands, repeatedly."
0deba9ff-f6d7-4c46-9415-7f7b620fd588,Taking-seize,,,61.904,female,22,164.0,50.0,90,"Side-step along the edge from A to B while keeping both hands on the table and giving it short, forceful tugs to take control, repeatedly."
0df58479-2baf-4178-a0ec-1071aa72412b,Cause_motion-slam,,,63.847,female,25,160.0,47.0,90,"Slam the ball straight down onto the floor so it rebounds, catch it with both hands, repeatedly."
0e074fd1-ab8a-4f62-87a3-a539d37831a7,Cause_motion-move,,,61.283,male,20,177.0,65.0,90,"Slide the mop head across the floor from one side of your body to the other, keeping your hands on the handle the whole time, repeatedly."
0e15ca1a-c115-463f-b964-e97a7bebe740,Cause_to_move_in_place-wiggle,,,61.084,male,20,177.0,65.0,90,"Hold the box by two opposite sides and wiggle it side to side with small, quick movements, repeatedly."
0e2dcdfe-3010-4e61-8cd0-c591a045e8bb,Cause_motion-pull,,,61.378,male,20,177.0,65.0,90,"Side-step from C to D along the edge while pulling the chair alongside you, repeatedly."
0e38341a-ebd3-4b03-ae1d-b5e0420ab110,Cause_motion-move,,,59.126,female,20,165.0,47.0,90,"Carry the box in front of your torso and shuttle between A and B, repeatedly."
0e436d22-3551-48a1-b6ef-3426e2874137,Cause_motion-slide,,,71.632,male,23,175.0,80.0,90,"Slide the ball along the floor in a wide circle around your feet using your hand to keep it moving, repeatedly."
0e48756f-267e-4d39-ba85-a91809c52880,Removing-rip,,,60.706,male,24,170.0,50.0,90,"Start a tear near the middle of the sheet and rip out a small chunk until it comes free, repeatedly."
0e50e9ab-5871-4770-9fec-d5227434c719,Filling-cover,,,61.973,male,20,177.0,65.0,90,"Place the hoodie on the Table and use both hands to smooth it outward so it evenly covers the surface, then peel it back off, repeatedly."
0e55b804-f636-4db0-93c3-52be2a88eec0,Placing-hang,,,60.914,male,20,177.0,65.0,90,"Walk a figure-eight around center holding the hoodie, and hang it over the chair backrest when you pass through center, repeatedly."
0e618b27-2973-481f-ab9c-3ddf93f64171,Bringing-carry,,,63.937,female,25,160.0,47.0,90,"Carry the table with both hands under opposite edges and walk a figure-eight around center without setting it down, repeatedly."
0e6c90c7-e568-4fd0-8def-20c3cbf340f2,Filling-heap,,,61.682,male,21,180.0,80.0,90,"Heap a pile of books into the box so the pile rises above the top edge, then tip the box to spill them out and heap them back in, repeatedly."
0e8dabf4-f9bc-47bb-bd4f-ac8bc7cff9d0,Removing-remove,,,60.962,female,22,164.0,50.0,90,"Shuttle between C and D while holding the bucket and taking it away from each turnaround point with you, repeatedly."
0eaae7dd-6b28-438c-a65d-8722f64b73c5,Cause_to_move_in_place-rotate,,,62.044,male,20,177.0,65.0,90,"Hold the chair out in front of you and rotate it in a large vertical circle, like turning a big wheel, repeatedly."
0eb77687-a310-4595-a546-d7db74b324db,Manipulation-hold,,,64.842,male,22,175.0,80.0,90,Hold the box by its side cutouts with both hands and keep it hovering just above the floor without setting it down.
0ef74c9e-e800-4618-bfa5-4d3d744c71e0,Manipulation-nudge,,,61.425,male,25,165.0,60.0,90,"Hold the ball against your torso with one hand and nudge it with your other forearm in small pokes, like nudging dough, repeatedly."
0f0230df-572a-47fd-9b2e-e6ff003b0de6,Adjusting-adjust,,,66.676,female,25,160.0,47.0,90,"Shuttle between A and B while pushing the mop, and make small adjustments to your grip height so the mop head keeps steady contact with the floor, repeatedly."
0f0b9edd-4552-4ec0-946d-915600e52c5b,Bringing-carry,,,61.552,female,20,165.0,47.0,90,"Carry the table by turning your body to face along the edge and side-stepping from C to D while keeping it lifted, repeatedly."
0f2ce05f-e040-4555-89b1-42449ab10080,Food_gathering-pick,,,61.899,male,21,180.0,80.0,90,"Spread the apples into two small piles near A and B. Shuttle between A and B, picking up one apple from the pile you reach and carrying it to the other pile, repeatedly."
0f3bdda9-afe1-40a3-b1fe-da68107d8b45,Cause_motion-move,,,60.958,male,21,180.0,80.0,90,"Move the chair around by pivoting it in place on its legs without lifting, repeatedly."
0f40368d-11cf-4bf7-9ec5-f1262ecca9b9,Cause_to_move_in_place-vibrate,,,64.567,male,23,175.0,80.0,90,"With the box on the floor, keep both hands on the rim and make quick, very short forward-and-back shakes so the box vibrates without traveling, repeatedly."
0f5d8964-391c-4871-a06e-97d4dcd30cf6,Cause_to_move_in_place-swing,,,63.297,female,25,160.0,47.0,90,"Hold the box with both hands and swing it in a smooth arc across the front of your body and back, repeatedly."
0f6e75ff-4bab-48da-abe6-e8a4082a9044,Manipulate_into_shape-twist,,,60.048,female,22,164.0,50.0,90,"Twist just the middle section of the towel into a tight neck while keeping the ends wide, then smooth the middle back flat, repeatedly."
0f7371ab-7c92-4a59-a018-0df4c02e55d0,Cause_to_move_in_place-swirl,,,60.942,male,21,180.0,80.0,90,"Hold the box close to your body and swirl it in tight circles, repeatedly."
0fa6af6a-4131-4abe-b9ba-4b61d95bf92c,Bringing-take,,,63.925,male,23,175.0,80.0,90,"Take the table to corner B by pushing it along the floor from center while keeping both hands on the tabletop edge, repeatedly."
0fc3912a-12dc-4ee7-aa65-d736d8ae86c8,Cause_motion-move,,,64.036,male,24,170.0,50.0,90,"Walk a figure-eight around center while moving the table along the path in front of you, repeatedly."
0fd1140e-df2f-4aa9-a833-f774ccc36c39,Detaching-unmoor,,,61.858,male,25,165.0,60.0,90,"Coil the rope on the floor and secure the coil by wrapping the end around it and tucking it under, then pull the tucked end free so the coil comes undone, repeatedly."
0fe4c080-b7c7-43eb-a628-d802d8d7dd9e,Placing-shower,,,64.612,male,20,177.0,65.0,90,"Tip the bucket and lightly shake it so the water showers down in short bursts onto the floor close to your feet, repeatedly."
1006b3ca-0719-4838-97a4-b83be6717866,Cause_motion-pull,,,61.143,male,20,177.0,65.0,90,"Walk backward from A to center while pulling the mop toward you so it follows behind your steps, repeatedly."
102768c6-ba03-4222-8f24-b78b83cc8e62,Cause_to_move_in_place-juggle,,,61.185,male,20,177.0,65.0,90,"Do a simple two-ball juggle with slightly higher tosses around shoulder height, keeping the hand-to-hand exchanges smooth with brief overlap in the air, repeatedly."
103c1e8d-6b21-4b29-8f7a-e370a828cb56,Bringing-carry,,,60.816,male,21,180.0,80.0,90,"Walk a figure-eight around center while carrying the box on top of your head with both hands steadying it, repeatedly."
10701136-14d1-4c4d-9ac4-9f8e4a02026f,Cause_to_move_in_place-vibrate,,,61.195,male,24,170.0,50.0,90,"Hold the chair by the backrest and seat at the same time and create short, rapid push-pull motions along the chair’s length to make it vibrate, repeatedly."
1083f86a-2509-4163-b450-8c380039bfa5,Cause_to_move_in_place-spin,,,61.115,female,22,164.0,50.0,90,"With the chair on the floor, push at the backrest ring to spin the chair fast in place, repeatedly."
10a261d7-b371-45f3-ad2e-e5294c95a430,Placing-insert,,,60.565,male,21,180.0,80.0,90,"Insert the key into the padlock keyway until it seats fully, then pull it back out, repeatedly."
10f59d1b-126c-4341-ae53-5596b26e6c9f,Placing-file,,,60.827,male,20,177.0,65.0,90,"With the folder tucked against your torso, slide the paper into the folder opening until it disappears inside, repeatedly."
11086aa0-28d6-4951-babf-d3887db6b33b,Cause_to_move_in_place-spin,,,65.021,female,22,164.0,50.0,90,"Grip opposite sides of the box and spin it end-over-end quickly around a horizontal axis, repeatedly."
1120bb91-c543-43aa-b0a2-401e80be6852,Manipulation-tickle,,,61.047,male,20,177.0,65.0,90,"Lightly brush the back of your hand along the side of your neck and shoulder in short, fluttery passes, repeatedly."
114e80ef-19ff-4c2e-a506-730e35c8aec0,Bringing-carry,,,61.758,female,20,165.0,47.0,90,"Carry the chair while weaving around in small curves and direction changes without putting it down, repeatedly."
116d41f5-fb1f-468c-9c52-5b085cb10f4c,Cause_motion-pull,,,60.593,female,22,164.0,50.0,90,"Pull the box toward you with sudden tugs so it slides in short bursts across the floor, repeatedly."
119f53c2-f439-4adb-bdb8-a7975dd7fc21,Emptying-rid,,,61.304,male,21,180.0,80.0,90,"Hold the box upside down in front of you and give it firm shakes to rid it of anything inside, repeatedly."
11d28e09-55a1-4999-93f4-d6cf84e5803d,Cause_to_move_in_place-juggle,,,62.05,female,20,165.0,47.0,90,"Do a simple two-ball juggle while taking small steps forward and back in place, keeping the balls briefly overlapping in the air on each exchange, repeatedly."
11f725a7-9494-43ff-b58b-ffb2aca5ca98,Removing-dust,,,61.891,female,20,165.0,47.0,90,"Side-step along the edge from D to A while holding the bucket and dusting around the rim with quick wipes, repeatedly."
121ad680-8a84-444d-919f-d6d92d5ee2e0,Cause_motion-punt,,,60.547,male,20,177.0,65.0,90,"Let the ball fall from your hands and give it a small tap-punt upward with a short leg swing before it reaches the floor, then stop it and pick it up, repeatedly."
124504d3-f57c-4df0-becd-f144892e1824,Cause_motion-lift,,,60.526,male,24,170.0,50.0,90,"Lift the chair straight up off the floor and set it back down under control, repeatedly."
124ec0e4-86de-4fed-9b27-d33df4da9b00,Bringing-hump,,,63.02,male,23,175.0,80.0,90,"Shuttle between B and C while carrying the box low, then humping it up to waist height as you keep moving, repeatedly."
125ccd40-6823-4975-b820-dbcfe93d32f3,Taking-seize,,,60.941,male,20,177.0,65.0,90,"Shuttle between A and B while pushing the table, and at each end seize it by jerking it into a new direction, repeatedly."
1261bca5-ba3e-4e92-b703-dc17cd5d55fe,Cause_to_move_in_place-rotate,,,61.059,female,20,165.0,47.0,90,"Walk a figure-eight around center while keeping both hands on the tabletop edge and slowly rotating the table a bit one way and then the other as you pass around it, repeatedly."
1293a096-da86-4841-93de-b7f881263a43,Removing-dust,,,60.896,male,20,177.0,65.0,90,"Walk a figure-eight around center while holding the bucket and dusting it by alternating quick wipes outside and just inside the opening, repeatedly."
12b39999-f63b-4662-86f6-0c59f74188d2,Removing-purge,,,61.945,female,20,165.0,47.0,90,"Rock the bucket in wide arcs so the water rinses around the inside, then dump it out to purge away debris, repeatedly."
12de5b11-50f8-481a-a00b-26b3db92f5f6,Cause_to_move_in_place-rock,,,64.471,female,20,165.0,47.0,90,"With both hands on the box, rock it forward and back as a tilt, like a gentle seesaw motion, repeatedly."
12fc32a9-4447-4a29-93b9-a77ffd8951b5,Taking-grab,,,61.831,female,22,164.0,50.0,90,"Swing the chair across the front of your body and catch it close with a quick grab, repeatedly."
1313b592-2983-46fe-bcc6-cb82e21afb03,Cause_motion-wrench,,,62.333,female,22,164.0,50.0,90,"Side-step along the edge from A to B while giving the wrench a sudden twisting jerk as if it is locked in place, repeatedly."
13463c64-144b-4dd5-abaa-9492bfd8c3ee,Removing-take,,,62.034,male,20,177.0,65.0,90,"Take the bucket out from between your feet by grasping it and pulling it forward to a clear spot, repeatedly."
134b20a4-62af-4817-971f-c893e34aae70,Placing-pile,,,60.893,male,24,170.0,50.0,90,"Pile several books into a low, wide stack by placing each new book on top with a small offset, repeatedly."
135c23fd-610d-4a8d-8cf7-bfdefc1ef908,Cause_to_move_in_place-rock,,,60.783,male,24,170.0,50.0,90,"Grip the chair near the seat with both hands and rock the chair side to side with medium swings while keeping it close to your torso, repeatedly."
13801338-fb6d-494e-8c68-fcb7549f1b74,Removing-pluck,,,62.064,female,20,165.0,47.0,90,"Press one end of the paper down with your palm and pluck the loose end up quickly, repeatedly."
13967948-f396-473b-99ce-d12cabb2d593,Bringing-carry,,,61.642,male,20,177.0,65.0,90,"Carry the table with both hands under opposite edges and walk a figure-eight around center without setting it down, repeatedly."
13a06b1a-6d43-479e-af62-583c71c930f3,Placing-lean,,,59.832,male,21,180.0,80.0,90,"Keep both hands on the box, tip it from upright to a slanted position so one side rests against the nearest wall, then bring it back upright and away, repeatedly."
13b8c55d-9aac-47cd-8868-cfeb0eb06329,Detaching-unmoor,,,62.361,female,22,164.0,50.0,90,"Coil the rope on the floor and secure the coil by wrapping the end around it and tucking it under, then pull the tucked end free so the coil comes undone, repeatedly."
13d4be4a-f4cb-4f7e-965e-6fb1cb028bbf,Change_posture-sit_down,,,62.906,female,25,160.0,47.0,90,"Sit down on the box while keeping both hands on it to steady it, then stand back up while lifting the box slightly, repeatedly."
13f79e38-95dd-4802-a2fa-8090e57291df,Cause_to_move_in_place-spin,,,61.791,male,24,170.0,50.0,90,"Shuttle between C and D while holding the box and spinning it quickly around a vertical axis in your hands, repeatedly."
140a0522-b408-4e0a-bebe-e2b5f91d4ebd,Cause_motion-pull,,,64.406,male,21,180.0,80.0,90,"Pull the box toward you with sudden tugs so it slides in short bursts across the floor, repeatedly."
141079a8-4fd8-4d22-8174-f2363f1c4dc4,Bringing-carry,,,61.922,male,20,177.0,65.0,90,"Carry the table with both hands and walk backward from D to A, then bring it back the same way, repeatedly."
14258fdd-821a-4357-927b-48ae0931a64b,Bringing-carry,,,66.222,female,20,165.0,47.0,90,"Shuttle between A and B while carrying the box hugged to your torso, repeatedly."
146e28c0-1008-4242-9e5e-368dce6c4f93,Cause_motion-lift,,,61.993,male,25,165.0,60.0,90,"Lift the chair straight up off the floor and set it back down under control, repeatedly."
1496f273-bd3d-4931-9424-61b1cd7d239a,Bringing-carry,,,65.07,female,20,165.0,47.0,90,"Side-step along the edge from B to C while carrying the chair in front of you like a wide box, repeatedly."
14aaddb0-f471-4d4d-a6a7-cee3b37ed417,Attaching-cinch,,,61.617,male,20,177.0,65.0,90,"With the belt buckled around your hips, side-step from A to B while pulling the strap to cinch it tighter and then easing it looser, repeatedly."
150d37e0-4212-45eb-90b9-d38d048f22a7,Placing-put,,,65.563,male,24,170.0,50.0,90,"Put the pen into the box and let it come to rest inside, then take it out and put it in again, repeatedly."
153e49ca-5574-49ee-a65d-35a6f06ee730,Placing-pile,,,62.155,male,25,165.0,60.0,90,"Pile several books into a low, wide stack by placing each new book on top with a small offset, repeatedly."
155214be-a8b5-4e5a-a132-74f70c44ae69,Placing-drape,,,64.345,male,24,170.0,50.0,90,"Pick up the hoodie and loosely drape it over both shoulders like a shawl, letting the sleeves hang down, repeatedly."
155f5d62-6ae1-499d-9236-a9710c93783d,Removing-strip,,,60.259,female,22,164.0,50.0,90,"Walk a figure-eight around center while holding the bucket and stripping it by rotating it in your hands and rubbing around the sides, repeatedly."
157b6f93-cd1f-46ad-986f-f17110e6ebd3,Cause_to_move_in_place-jiggle,,,60.585,female,22,164.0,50.0,90,"Keep one hand steady on the box and use the other hand to jiggle the box with quick, small back-and-forth bumps, repeatedly."
15a68022-98fd-42ae-b3c0-270a860e8529,Taking-grab,,,63.135,female,22,164.0,50.0,90,"Walk a figure-eight around center while keeping the chair slightly ahead of you and making quick, sharp pulls to grab it back in close, repeatedly."
15b76c40-206f-467a-89ee-1e5b61d7f1c5,Attaching-fasten,,,61.152,male,20,177.0,65.0,90,"Fasten the rope to the box by wrapping it around the box a couple of times and tying it off so the rope stays fixed in place, repeatedly."
15d1a0b2-b927-45c7-9dda-82a9396e5c06,Cause_motion-lift,,,61.749,male,21,180.0,80.0,90,"Lift the mop straight up off the floor to about chest height and lower it back down, repeatedly."
15f6191b-077c-43d1-ae7a-69e292751e5a,Bringing-lug,,,62.224,male,21,180.0,80.0,90,"Shuttle between A and C while lugging the mop on one shoulder as if it is too heavy to carry neatly, repeatedly."
16166d06-4c37-40d6-a16e-6214e17cdc23,Taking-seize,,,61.115,female,25,160.0,47.0,90,"Give the table a sudden, forceful yank toward you so it skids and resists, then ease it back, repeatedly."
162960e5-c135-4c87-8352-3bbc52121cd0,Bringing-hump,,,62.914,female,22,164.0,50.0,90,"Walk backward from C to D while keeping the box pressed to your chest and moving with heavy, trudging steps, repeatedly."
16878f5c-8747-4636-b102-4b65d2414165,Cause_motion-drop,,,63.925,male,24,170.0,50.0,90,"Lift the box a little off the floor and let it drop straight down, repeatedly."
1692374d-9b8d-4af4-a8fe-2d6132a26b63,Emptying-unload,,,61.48,male,20,177.0,65.0,90,"Walk from A to B while holding the box and tipping it side to side as if unloading from different corners, repeatedly."
16bcc6e2-ec47-41ca-8d05-57f1a74496fb,Manipulation-stroke,,,62.371,male,25,165.0,60.0,90,"Side-step along the edge from A to B while stroking the chair’s backrest ring with your hand in long passes, repeatedly."
16e51f2e-d09b-4d06-a516-9c6952d5d934,Cause_motion-move,,,66.524,female,20,165.0,47.0,90,"Walk a figure-eight around center while carrying the box with both hands, repeatedly."
16fc90da-da7e-4166-a43b-eb705035136e,Cause_motion-move,,,64.952,female,20,165.0,47.0,90,"Walk backward from A to B while carrying the box close to your torso, repeatedly."
1703d9b4-4401-449b-91af-48c40affd1af,Cause_motion-push,,,61.19,male,20,177.0,65.0,90,"Walk from center to B while pushing the chair ahead of you so it keeps moving away from your body, repeatedly."
171066a1-ddc3-4943-ba1a-6b2a3a4f4467,Attaching-hook,,,63.607,male,24,170.0,50.0,90,"Walk a figure-eight around center while you hook the crook of your elbow over the cloth rack’s top rail and release it, repeatedly."
172545d6-c20a-4aab-9c20-dd2504d25ec5,Cause_to_move_in_place-jiggle,,,60.812,male,20,177.0,65.0,90,"Keep one hand steady on the box and use the other hand to jiggle the box with quick, small back-and-forth bumps, repeatedly."
173e9346-11e4-4761-8307-ee8663d6be6b,Removing-flush,,,64.83,female,20,165.0,47.0,90,"Shuttle between A and B while keeping the bucket tilted so water continuously runs to the rim and flushes out debris, repeatedly."
1746ce8b-5e9e-4f3b-84d5-349b7d6aa154,Bringing-hump,,,64.66,female,22,164.0,50.0,90,"Side-step along the edge from B to C while carrying the box awkwardly away from your body and readjusting it back in, repeatedly."
1768edb5-82bc-460a-8ddc-91bb35adbe4a,Cause_to_move_in_place-swirl,,,60.497,male,24,170.0,50.0,90,"Hold the box by the rim and draw large vertical circles with it, like stirring a pot, repeatedly."
176d4d8c-e1ee-46a0-b3c1-c91d9cabe44d,Taking-take,,,63.273,male,20,177.0,65.0,90,"Walk a figure-eight around center while holding the mop close to your body as something you have just taken and kept, repeatedly."
17874fb2-65ac-44e5-8012-b9e5982935d9,Cause_to_move_in_place-seesaw,,,61.632,male,20,177.0,65.0,90,"Hold the box in front of you and seesaw it between the open top facing slightly upward and the open top facing slightly downward, repeatedly."
17add59f-91d2-4939-a23a-6dc0ee164cdd,Removing-extract,,,65.056,male,23,175.0,80.0,90,"Tip the bucket forward and give it firm shakes to extract the last of the water out over the rim, repeatedly."
17c4d331-ced5-4dbd-a35b-c95de7105017,Cause_to_move_in_place-jiggle,,,68.598,female,25,160.0,47.0,90,"Keep one hand steady on the box and use the other hand to jiggle the box with quick, small back-and-forth bumps, repeatedly."
17e2421f-fd7b-4e66-a207-958cd4fae0c0,Cause_motion-move,,,64.693,female,22,164.0,50.0,90,"Side-step from D to A along the edge while moving the chair sideways beside you, repeatedly."
180477fd-8a25-4286-912e-5aae38527f9e,Placing-shoulder,,,61.971,male,20,177.0,65.0,90,"Side-step along the edge from A to B while shouldering the hoddie like a sack, repeatedly."
181cd330-c5de-443e-a545-7cae388e673a,Removing-extract,,,60.861,female,20,165.0,47.0,90,"Rotate the bucket in a tight circle so the water climbs the wall and pours out, repeatedly."
184197d1-47cc-40a1-9337-a9c4c3dcbb2b,Cause_motion-move,,,66.649,female,25,160.0,47.0,90,"Carry the box in front of your torso and shuttle between A and B, repeatedly."
185e3cf7-4bf5-4720-a7a4-f02baaa6ec47,Manipulation-tickle,,,61.214,male,20,177.0,65.0,90,"Gently skim your palm up and down the inside of your opposite elbow with quick, light contact, repeatedly."
1875a1c0-9be2-4695-8895-f1924d0216e7,Manipulation-hold,,,68.558,male,25,165.0,60.0,90,"Hold your opposite forearm firmly with one hand as if restraining it, keeping the grasp steady."
18794a03-902f-4f86-b6cf-586cc699d913,Cause_to_move_in_place-wave,,,61.375,male,20,177.0,65.0,90,"Hold the paper by one edge and wave it forward and back in front of your body, keeping the grip point fixed while the sheet flutters, repeatedly."
187cd155-e417-4436-aaa9-3d7e2c40a3c7,Filling-splash,,,61.353,male,21,180.0,80.0,90,"Tilt the bucket toward you and shake it lightly so droplets splash up and speckle the outside surface of the bucket, repeatedly."
1884b342-5867-4896-81fc-3728f171a495,Cause_motion-pitch,,,64.452,male,23,175.0,80.0,90,"From a low squat, pitch the ball forward with a heavy shove-like throw so it skims low before dropping, repeatedly."
1894442b-f233-42a4-87ca-80b9d3e4b267,Manipulation-poke,,,61.031,male,21,180.0,80.0,90,"Place the ball on top of the box and poke the ball firmly with the pen tip without knocking it off, repeatedly."
18a9a83b-d6ab-41e0-b538-7828cf339a2f,Taking-grab,,,62.236,female,22,164.0,50.0,90,"Shuttle between C and D by walking backward while holding the box, and at each end quickly grab it up from the floor and secure it against your torso without letting go, repeatedly."
18b96276-b2ab-4f7d-bbee-c5de1af6b35b,Removing-dust,,,60.539,female,22,164.0,50.0,90,"Dust the bucket by holding it and giving it short shakes while brushing at the surface with your hands, repeatedly."
18d2b1a3-b5a4-4525-b72a-9d509309bf35,Cause_to_move_in_place-rock,,,60.973,female,22,164.0,50.0,90,"Shuttle between A and B while rocking the chair side to side in your hands as you move, repeatedly."
18ea08e9-f1f7-4bd4-a5d2-cf71172f3738,Bringing-hump,,,62.442,female,20,165.0,47.0,90,"Shuttle between A and D while humping the mop with the handle pressed to your side and the mop head leading, repeatedly."
18efde9b-adb9-4f97-a90f-78df856faffb,Cause_to_move_in_place-shake,,,61.407,male,21,180.0,80.0,90,"Tilt the chair slightly toward you and shake it with quick back-and-forth jolts while keeping it near the same spot, repeatedly."
1922e6d6-abdb-4f2a-89b9-2316d0fd4ef9,Cause_to_move_in_place-spin,,,63.066,female,20,165.0,47.0,90,"With the chair on the floor, push at the backrest ring to spin the chair fast in place, repeatedly."
192ce45f-bcea-4ec0-806c-8f7d6659b48f,Cause_to_move_in_place-rock,,,65.379,male,23,175.0,80.0,90,"Walk backward from center to D while rocking the box forward and back with small, controlled tilts, repeatedly."
19548292-9b84-4ebb-9d88-d3b4785b831e,Cause_to_move_in_place-juggle,,,62.942,female,20,165.0,47.0,90,"Do a simple two-ball juggle with slightly higher tosses around shoulder height, keeping the hand-to-hand exchanges smooth with brief overlap in the air, repeatedly."
197512fb-45f5-49d3-a8a7-3ff7efc3518c,Cause_to_move_in_place-rock,,,60.966,male,20,177.0,65.0,90,"Place the mop head on the floor in front of you and rock the handle side to side while shifting your weight from foot to foot, repeatedly."
19813cee-57da-4eec-88ec-318aee711daa,Cause_to_move_in_place-shake,,,62.325,female,22,164.0,50.0,90,"With the chair on the floor, keep your hands on the backrest ring and shake the chair side to side so it rattles in place, repeatedly."
198ea557-67d4-473b-8441-4d5a65d4b422,Placing-lean,,,61.09,male,20,177.0,65.0,90,"Lean the box against your lower leg so it tilts and rests there without falling; take it away and lean it back into place, repeatedly."
19a78a51-b5c0-4b76-be9e-0be74f9217a9,Cause_to_move_in_place-rotate,,,63.507,male,25,165.0,60.0,90,"Lift the chair slightly and rotate it so the seat faces up, then faces forward again, around a horizontal axis, repeatedly."
19af2c64-f91a-4259-b845-bddf05848753,Manipulation-hold,,,61.272,male,21,180.0,80.0,90,"Hold the ball above your head with both hands, keeping your grip secure and the ball stable."
19d77366-2371-4561-842e-444433b47e17,Undressing-pull_off,,,61.411,male,20,177.0,65.0,90,"While wearing the hoodie, yank it up and over your head in one strong pull, then put it back on, repeatedly."
1a095821-6ecc-4341-81dc-78d2ce0e3748,Cause_motion-toss,,,61.012,male,20,177.0,65.0,90,"From a comfortable squat, toss the ball softly upward and catch it as you rise, repeatedly."
1a25952e-f9c1-4ccd-a598-a1b065c8fbde,Removing-remove,,,60.879,male,24,170.0,50.0,90,"Side-step along the edge from B to C while keeping both hands on the bucket and dragging it away from its starting spot on the floor, repeatedly."
1a38e721-ce71-463c-ac21-a312afbcbc5e,Cause_to_move_in_place-juggle,,,60.56,male,21,180.0,80.0,90,"Do a simple two-ball juggle where one toss is higher and the next toss is lower under it, so the two balls overlap in the air, repeatedly."
1a3bdb9e-9062-4bea-9a9b-fca3f4facb5a,Removing-remove,,,64.207,male,23,175.0,80.0,90,"Walk backward from A to B while holding the bucket with both hands and carrying it away from where it started, repeatedly."
1a5e228f-fd97-498e-ab3e-33bb8d5a872c,Taking-seize,,,62.552,male,24,170.0,50.0,90,"Shuttle between B and D by side-stepping while pushing the box along the floor with both hands, and at each end seize it up off the floor with a firm pull without letting go, repeatedly."
1a6cbd42-4056-4204-adf0-76ed38525b9f,Cause_to_move_in_place-swing,,,67.331,male,20,177.0,65.0,90,"Walk a figure-eight around center while keeping both hands on the tabletop and swinging the table gently side to side as you move around it, repeatedly."
1a72dbb7-2b79-412f-b00e-b1d5c6077386,Cause_to_move_in_place-swing,,,62.043,female,20,165.0,47.0,90,"Swing the mop back and forth in front of you like a pendulum, repeatedly."
1a775541-af1b-4784-9f78-a66c8d6dceca,Bringing-carry,,,61.41,female,22,164.0,50.0,90,"Side-step along the edge from A to D while carrying the mop held straight out in front of you, repeatedly."
1a8e8d2f-8a34-4ecd-aa43-a3810c69584d,Bringing-carry,,,61.084,male,24,170.0,50.0,90,"Carry the chair while weaving around in small curves and direction changes without putting it down, repeatedly."
1a9514bb-f58f-4744-8e40-dda6d6423054,Cause_to_move_in_place-shake,,,60.604,female,22,164.0,50.0,90,"Side-step from B to C while shaking the box up and down with strong, quick movements, repeatedly."
1ab91d25-4d78-4dac-8111-e026584b00b3,Removing-drain,,,60.397,male,23,175.0,80.0,90,"Walk backward from A to B while keeping the bucket tipped so the opening points down, then level it as you arrive, repeatedly."
1abffa01-cb7e-420b-a29b-9f5d39935333,Removing-purge,,,62.512,male,23,175.0,80.0,90,"Tip the bucket to drain the water, then give it a few brisk shakes to purge out leftover droplets, repeatedly."
1adfd5ee-9035-4dd7-a25b-bc8af02e1cda,Cause_motion-pull,,,60.787,male,20,177.0,65.0,90,"Walk from B to D while keeping the table in front of you and pulling it toward you as you go, repeatedly."
1aecbb16-2fcc-4204-a466-f6c7d3964820,Cause_motion-punt,,,61.124,male,20,177.0,65.0,90,"Hold the ball, let it drop, and punt it upward with the top of your foot, then catch it, repeatedly."
1b001a70-5764-4b63-87ff-4965baf9ea62,Bringing-hump,,,64.279,male,20,177.0,65.0,90,"Side-step along the edge from D to A while humping the chair on your hip so it tilts and wobbles as you move, repeatedly."
1b199eec-fa29-4002-8c19-259e56d2d704,Cause_motion-toss,,,61.829,female,25,160.0,47.0,90,"Toss the ball from hand to hand with an easy, relaxed motion, repeatedly."
1bb44a70-1d37-4896-9694-60c9c2aadbff,Bringing-carry,,,64.116,male,24,170.0,50.0,90,"Carry the table by holding the tabletop edges and shuttling between A and B, repeatedly."
1d571607-ee5c-4aec-9f2b-190c05c203eb,Adjusting-adjust,,,66.263,female,20,165.0,47.0,90,"Holding the chair by the backrest ring, turn it slightly one way and the other to adjust which direction it faces, repeatedly."
1dc0430c-ab75-4e84-8ff6-791b3135f8dc,Bringing-hump,,,63.211,female,20,165.0,47.0,90,"Walk a figure-eight around center while humping the box up onto one shoulder and back down to your chest, repeatedly."
1dfaab40-888a-42ac-856e-04e06867c44f,Cause_motion-move,,,67.567,female,25,160.0,47.0,90,"With both hands on the box, slide it in a wide circle around your body on the floor, repeatedly."
1e14253e-f5d3-4464-8675-ee5b73220f01,Bringing-take,,,62.786,female,20,165.0,47.0,90,"Walk backward from B to D while taking the mop with you, carrying it high in front of your torso with both hands, repeatedly."
1e6a8b98-3454-4ff1-b87e-b868dece7078,Scouring-rummage,,,61.997,female,22,164.0,50.0,90,"Walk backward from A to B with the box held at waist height, and every few steps rummage inside with broad, untidy hand motions as if checking every spot, repeatedly."
1ed800fa-9ab5-4dd0-9310-09ef7a191463,Cause_motion-lift,,,62.99,male,23,175.0,80.0,90,"Walk a figure-eight around center while lifting the mop off the floor and lowering it back down as you move, repeatedly."
1f0f1c4e-477b-4e8b-b542-6cbb9f255110,Adjusting-adjust,,,66.939,female,20,165.0,47.0,90,"Shuttle between A and B while holding the chair and making a small correction to its facing each time you reach an end, repeatedly."
1f31002b-a7c7-4c5c-9cc0-1b65f84550d5,Taking-take,,,64.54,female,25,160.0,47.0,90,"Slide the box a short distance along the floor with both hands still on it, then take it up off the floor and hold it close to your torso, repeatedly."
1f8a10b2-b2e6-4781-8658-5f1940d1ad88,Manipulation-tickle,,,61.016,female,22,164.0,50.0,90,"Gently skim your palm up and down the inside of your opposite elbow with quick, light contact, repeatedly."
2088da25-be78-4fb3-8278-8c89e7c7e37c,Cause_to_move_in_place-spin,,,61.869,male,20,177.0,65.0,90,"Lift the chair a little and spin it quickly like you are turning a big steering wheel around a vertical axis, repeatedly."
209ea8cd-0136-472b-a790-64f454a0085f,Emptying-expunge,,,73.822,male,24,170.0,50.0,90,"Shuttle between C and D while carrying the box and tipping it while wiping the inside as if expunging all traces, repeatedly."
20d42f41-3cef-4900-8a58-226a8db34ee8,Removing-flush,,,64.219,female,20,165.0,47.0,90,"With water in the bucket, tilt it so water runs along the inside wall and out over the rim to flush debris from the bucket, repeatedly."
21692487-48ae-4169-bb98-04428c199874,Bringing-hump,,,62.848,male,22,175.0,80.0,90,"Walk backward from D to A while humping the mop held crosswise in front of you, letting it look hard to control, repeatedly."
21b89432-4ba2-4b97-bef1-00e21d17bb39,Cause_to_move_in_place-shake,,,61.215,male,24,170.0,50.0,90,"Tilt the chair slightly toward you and shake it with quick back-and-forth jolts while keeping it near the same spot, repeatedly."
228e2897-040a-416c-af09-7a64537a39f7,Bringing-hump,,,61.751,female,25,160.0,47.0,90,"Walk backward from D to A while humping the mop held crosswise in front of you, letting it look hard to control, repeatedly."
23a7191c-4336-429f-a919-31c231629360,Placing-pile,,,60.656,male,21,180.0,80.0,90,"Pile several books so the stack ends up leaning gently against a wall, repeatedly."
240b8631-c536-47cb-a703-a70220fa9cb2,Placing-drizzle,,,61.819,male,25,165.0,60.0,90,"Hold a bottle high enough to make a narrow stream and drizzle liquid onto the outside of another bottle so it runs down the side, repeatedly."
24390ed6-db11-4ae1-a6f2-c433972dee51,Manipulation-caress,,,63.538,male,25,165.0,60.0,90,"Walk backward from A to B while keeping a gentle caressing contact on the table edge with your hand, repeatedly."
245f7d6d-54e2-4d8b-b5b3-d798b4ab216b,Removing-extract,,,63.114,male,21,180.0,80.0,90,"Walk a figure-eight around center while forcing the water out by sharply tilting the bucket side to side, repeatedly."
24fae9d9-1c94-4b74-ad17-910d00bc723b,Taking-take,,,61.857,male,22,175.0,80.0,90,"Shuttle between A and B while carrying the mop as if you took it from where it was left, repeatedly."
25c6af4c-32fc-498f-ba51-86d4de7e3265,Cause_to_move_in_place-wiggle,,,60.783,male,20,177.0,65.0,90,"Hold the box in front of your torso and wiggle it slightly toward your body and away from your body in short strokes, repeatedly."
26432fdc-dc56-46ca-a284-21d906ed2d67,Filling-fill,,,63.189,male,24,170.0,50.0,90,"Side-step along the edge from D to A holding the box, and fill it by pushing both hands inside until it feels crowded, then pull them out, repeatedly."
268a249f-942d-40e9-9805-e998768cf59b,Bringing-hump,,,68.268,female,20,165.0,47.0,90,"Shuttle between B and C while carrying the box low, then humping it up to waist height as you keep moving, repeatedly."
269f7298-80a3-4a80-b33c-9a7d1562408a,Cause_to_move_in_place-vibrate,,,62.256,female,22,164.0,50.0,90,"Lift the box just off the floor and vibrate it with tiny, rapid up-and-down strokes, repeatedly."
2713680c-23a2-4b7a-b0fd-6b89dce352ab,Placing-immerse,,,61.402,male,25,165.0,60.0,90,"Side-step from A to B while dipping the hoodie into the bucket and lifting it back out, repeatedly."
27350603-3daf-416d-94e3-06d8eacb86e8,Manipulation-stroke,,,61.143,male,20,177.0,65.0,90,"Stroke around the ball’s surface in long smooth passes with your hand, repeatedly."
2767b296-8539-4264-a531-7a35f8922f13,Manipulation-seize,,,61.759,male,21,180.0,80.0,90,"Toss the ball from one hand toward the other and seize it quickly in the air with the receiving hand, repeatedly."
27f9c219-60ff-4e3c-9313-95071cddc4a1,Cause_to_move_in_place-spin,,,62.087,male,23,175.0,80.0,90,"Keep one hand steady on the backrest ring as a pivot and use your other hand to drive a quick spin of the chair in place, repeatedly."
285d0b4d-b6f7-49b9-80d6-9e8c2e46dcfc,Cause_to_move_in_place-shake,,,61.726,male,22,175.0,80.0,90,"Hold two opposite tabletop edges and shake the table rapidly up and down in small motions, making it vibrate in place, repeatedly."
28b3dcc0-cece-4abd-82d7-6f644be7ce09,Cause_to_move_in_place-vibrate,,,60.937,female,22,164.0,50.0,90,"Hold the chair by the backrest and seat at the same time and create short, rapid push-pull motions along the chair’s length to make it vibrate, repeatedly."
29315b37-7bd9-4cf5-b56a-207923841d1b,Placing-insert,,,60.578,male,21,180.0,80.0,90,Insert the key into the padlock keyway and leave it seated there while you hold the padlock steady.
29905090-aa2d-4a89-bdcf-a9fb064a21cd,Placing-smear,,,62.116,male,25,165.0,60.0,90,"Shuttle between A and B while keeping your hands near the floor to sweep and spread seeds into a thin trail along your route, repeatedly."
2a89d75d-baab-4339-ab9a-db4dfb8990f3,Manipulation-seize,,,61.468,male,25,165.0,60.0,90,"Toss the ball from one hand toward the other and seize it quickly in the air with the receiving hand, repeatedly."
2b21d748-9a2a-49b0-8cc2-980bbfcb3f29,Cause_to_move_in_place-swirl,,,63.443,female,20,165.0,47.0,90,"Hold the box out in front of you and move it in a smooth horizontal circle, repeatedly."
2b30352f-4f13-4da9-8dfb-aaf1da04e427,Attaching-mount,,,61.638,male,20,177.0,65.0,90,"With both hands, mount the frame near the floor against the wall, then remount it at shoulder height, repeatedly."
2beb3855-f8ef-4c78-b714-514c6a1dc251,Bringing-take,,,61.552,male,21,180.0,80.0,90,"Take the box to corner D by shuttling between center and D, repeatedly."
2c40a79a-d566-45db-8b21-bb194511e728,Removing-dislodge,,,64.4,female,25,160.0,47.0,90,"Walk backward from A to B while making quick up-and-down jerks with the bucket to dislodge anything stuck to the inner wall, repeatedly."
2c8eb231-b695-4742-8722-ed6a9435b6e3,Placing-shoulder,,,61.549,male,25,165.0,60.0,90,"Lift the chair and carry it with the backrest resting on your shoulder, then set it back down, repeatedly."
2cca9c6f-ec6f-4145-aa01-8de01b2e590b,Cause_motion-propel,,,60.551,male,24,170.0,50.0,90,"Holding the box against your torso, propel it upward a little and guide it back down without losing contact, repeatedly."
2d03624a-1115-4666-ad69-dbe1712fcd61,Cause_to_move_in_place-turn,,,61.25,female,22,164.0,50.0,90,"Shuttle between A and C while turning the mop so it alternates between pointing straight ahead and pointing sideways, repeatedly."
2d3e42c1-f3e8-44a2-bc75-93c896b5013f,Cause_to_move_in_place-rotate,,,64.133,female,20,165.0,47.0,90,"With the chair on the floor, keep one corner near the same spot and rotate the chair around that corner as a pivot, repeatedly."
2e254ec3-abc7-4336-b8da-18a86b56d46a,Filling-cover,,,61.287,male,20,177.0,65.0,90,"Drape the hoodie over the Table so it hangs down on all sides like a tablecloth, then pull it off and drape it again, repeatedly."
2efee4e6-7bdc-4578-b848-b37a3f460334,Manipulate_into_shape-curl,,,61.362,female,20,165.0,47.0,90,"Curl the towel from one corner into a flat spiral on the floor, then unroll it back to flat, repeatedly."
2f192288-baf7-41f0-b63b-b33cb161bdfe,Cause_motion-slam,,,62.251,female,20,165.0,47.0,90,"Side-step along the edge from B to C while slamming the ball down beside your stepping foot, repeatedly."
2f356a7a-b46b-4d98-a8b6-a14489cc657e,Bringing-hump,,,60.976,male,21,180.0,80.0,90,"Walk a figure-eight around center while humping the chair with the legs pointing forward like an awkward load, repeatedly."
2f979587-793f-48ec-ba4c-01eb7ed139ff,Cause_motion-roll,,,62.548,male,20,177.0,65.0,90,"Walk a figure-eight around center while rolling the ball along the floor beside you with one hand, repeatedly."
3042a89a-2cc1-4659-b837-c084846ecd34,Placing-lean,,,60.921,female,22,164.0,50.0,90,"Keep both hands on the box, tip it from upright to a slanted position so one side rests against the nearest wall, then bring it back upright and away, repeatedly."
30989356-1f44-4395-9248-45315a788f62,Placing-file,,,62.79,male,21,180.0,80.0,90,"Hold the folder upright in front of you and feed the paper down into it from the top opening until it sits inside, repeatedly."
30d29f1a-e7fd-4976-8a00-5efc19847d20,Attaching-stick,,,61.295,male,20,177.0,65.0,90,"Stick a sticky note onto the front of your shirt, press it down to make it adhere, then remove it, repeatedly."
3151798f-a596-4a90-86b8-15bac0106b52,Cause_to_move_in_place-seesaw,,,62.573,male,22,175.0,80.0,90,"Hold the box in front of you and seesaw it between the open top facing slightly upward and the open top facing slightly downward, repeatedly."
31989130-81fb-464b-8b48-6cfb2f53f030,Bringing-carry,,,67.113,male,21,180.0,80.0,90,"Shuttle between A and B while carrying the box hugged to your torso, repeatedly."
323d3152-f354-42c1-bcd4-f1c7eec5be1c,Cause_motion-move,,,62.359,female,20,165.0,47.0,90,"Walk a figure-eight around center while moving the table along the path in front of you, repeatedly."
32db107e-021f-4820-be79-c26fa00620bd,Taking-seize,,,66.533,female,20,165.0,47.0,90,"Walk backward from A to B while keeping the mop pulled tightly in toward you as if you seized it and are securing it, repeatedly."
33816978-c730-4a5b-a927-acabd457d3a6,Placing-plant,,,60.434,male,24,170.0,50.0,90,"Walk a figure-eight around center and plant seeds into the ground each time you pass the middle, repeatedly."
34019403-c51b-4798-891f-31556676be42,Taking-take,,,60.298,female,22,164.0,50.0,90,"Lower the box to the floor without letting go, then lift it up into your arms so you clearly have possession of it, repeatedly."
3473d1de-d1a0-4fba-af4c-c9324479b579,Cause_motion-move,,,61.283,male,21,180.0,80.0,90,"Shuttle between center and A while moving the table with you by guiding it along the floor, repeatedly."
34b84ad2-83e3-4473-8731-6dcfb12040cb,Adjusting-adjust,,,60.564,male,21,180.0,80.0,90,"Shuttle between A and B while pushing the mop, and make small adjustments to your grip height so the mop head keeps steady contact with the floor, repeatedly."
34f4f3cb-c931-42a3-8e82-314985c07f2b,Filling-shower,,,61.8,male,25,165.0,60.0,90,"Walk a figure-eight around center while lifting seeds up and letting them shower down onto the floor as you move, repeatedly."
352ace9d-eece-4772-8800-a63fb0f49fad,Bringing-take,,,60.81,male,21,180.0,80.0,90,"Shuttle between B and C while taking the chair along by pushing it ahead of you on the floor, repeatedly."
35acf670-2771-4853-b751-573d22128601,Cause_to_move_in_place-shake,,,61.178,male,25,165.0,60.0,90,"Grip the chair by the backrest ring and shake it forcefully forward and back without letting it travel, repeatedly."
3651dea0-523e-4f7d-b07d-053f64635ac1,Cause_to_move_in_place-rock,,,64.836,male,25,165.0,60.0,90,"Hold the chair by the backrest ring with both hands and rock it from side to side like a slow pendulum, repeatedly."
365c7793-b10d-4c35-8d5b-9c22fa7d67c1,Bringing-hump,,,74.089,female,22,164.0,50.0,90,"Side-step along the edge from D to A while humping the chair on your hip so it tilts and wobbles as you move, repeatedly."
36c08451-dad9-4ab7-8d20-8e4a1a50d3d7,Removing-flush,,,66.155,female,20,165.0,47.0,90,"Swirl the water fast so it sweeps around the inside, then immediately pour it out to flush out any grit, repeatedly."
375f6ce9-1616-4594-96c2-838c5200e384,Cause_to_move_in_place-shake,,,61.571,male,22,175.0,80.0,90,"Press the mop head lightly into the floor and shake the handle so the head vibrates in place, repeatedly."
38178465-21ec-4d04-8d9b-c33eec21d648,Cause_to_move_in_place-turn,,,60.977,male,20,177.0,65.0,90,"With the mop head on the floor, turn the handle so the mop head slowly circles around a small spot, repeatedly."
3840177b-3072-4429-8aa5-d5adee8013db,Cause_to_move_in_place-rotate,,,63.52,male,22,175.0,80.0,90,"Grip two adjacent tabletop edges and rotate the table smoothly around one near corner as the pivot point, then bring it back, repeatedly."
38da10af-3270-40e5-9f7f-054de9f7a800,Attaching-pin,,,60.849,male,20,177.0,65.0,90,"Pin the bottom hem of your shirt to a higher part of the shirt to make a small gathered tuck that stays attached, repeatedly."
391e915e-931f-4605-a210-a9a1ab54308f,Manipulation-tickle,,,60.808,male,21,180.0,80.0,90,"Use your knuckles to make very light, rapid touches along your ribs through your shirt, repeatedly."
395a4c55-a35d-42ac-b74c-a322a7558aec,Undressing-pull_off,,,62.311,male,25,165.0,60.0,90,"Pull the hoodie off quickly with clear effort, as if it resists, then put it back on and pull it off with the same strong yank, repeatedly."
398d770f-5f14-4877-a0d6-e22536bbdc85,Undressing-pull_off,,,61.05,male,20,177.0,65.0,90,"While wearing the hoodie, twist your torso and pull the hoodie off forcefully, then put it back on, repeatedly."
3aa1a67c-c0f1-43f0-8cb3-62c5c0f701a3,Placing-put,,,61.844,male,25,165.0,60.0,90,"Shuttle between A and B with the pen in your hand, and put the pen down each time you reach the endpoint, repeatedly."
3b679c42-ae67-41bf-827d-b82f3dfbb37a,Taking-seize,,,62.944,male,23,175.0,80.0,90,"Side-step along the edge from A to B while keeping the chair tight to your torso and making sharp tugging motions on it, repeatedly."
3b82c16c-b1f8-4854-9e53-05b0c3eccd79,Cause_to_move_in_place-shake,,,62.083,female,22,164.0,50.0,90,"Walk backward from B to center while shaking the mop in quick up-down motions, repeatedly."
3be4fd9f-1ee0-4421-9f28-cd6ec53bfdee,Attaching-pin,,,60.796,male,21,180.0,80.0,90,"Carefully pin your shirt sleeve fabric to the side of your shirt with the pushpin so the sleeve stays held against your torso, repeatedly."
3c917ad9-715c-48f1-97a0-146201dab1b0,Cause_to_move_in_place-shake,,,62.796,male,20,177.0,65.0,90,"Shake the mop hard back and forth, like shaking water off, repeatedly."
3cf2ae8f-f77d-4025-864e-cb749aa2aa38,Cause_motion-push,,,75.104,female,20,165.0,47.0,90,"With both hands on the top of the box, push it away from your body along the floor in short drives, repeatedly."
3d08c9eb-310f-4745-9e48-ffe63bbcfab4,Emptying-empty,,,62.705,male,20,177.0,65.0,90,"Lift the box to chest height and rotate it so different corners point down, as if getting the last bits to fall out, repeatedly."
3d262101-5777-4438-9b7c-d259ce009084,Taking-seize,,,60.217,male,21,180.0,80.0,90,"Shuttle between A and B while tugging the mop toward you in short, forceful pulls as if seizing it away from where it was held, repeatedly."
3d602bd6-cf23-415d-ba8b-56acc91de187,Adjusting-adjust,,,62.361,female,22,164.0,50.0,90,"Shuttle between A and B while keeping both hands on the table and pushing it with you to adjust where it sits on the floor, repeatedly."
3ed699b8-9a9f-44c8-bc55-6300df7ae41c,Cause_to_move_in_place-shake,,,66.081,male,23,175.0,80.0,90,"Grip one tabletop edge with both hands and shake the table in short, forceful back-and-forth bursts so the legs jitter without sliding away, repeatedly."
3f401879-f91e-4d77-b060-333b1f5666a1,Cause_to_move_in_place-turn,,,60.611,female,20,165.0,47.0,90,"Walk from center to C while turning the mop head to trace small circles on the floor as you go, repeatedly."
3fbfe1eb-2709-45cb-9e4e-7288a33506ec,Adjusting-tweak,,,63.669,female,22,164.0,50.0,90,"Walk a figure-eight around center while holding the chair and making tiny tweaks to keep it level as you travel, repeatedly."
40542cb8-d5dc-455e-875f-d117ebc3b1d4,Taking-take,,,61.394,male,22,175.0,80.0,90,"Walk a figure-eight around center while carrying the chair in front of you with both hands, repeatedly."
40c4dac2-2857-408c-ae13-5d481b781247,Bringing-take,,,66.812,male,23,175.0,80.0,90,"Take the box from A to B by shuttling between them, repeatedly."
41327460-f08d-418b-95b9-86cfb4f61641,Removing-dislodge,,,62.879,female,25,160.0,47.0,90,"Tilt the bucket and snap it back upright with a quick motion to dislodge debris from the bottom, repeatedly."
41338386-c618-406a-8833-1139cbd6c11d,Cause_motion-push,,,61.735,male,24,170.0,50.0,90,"Walk a figure-eight around center while pushing the table ahead of you, repeatedly."
41e0d071-ae92-4009-a010-44713813aadb,Undressing-peel_off,,,64.035,male,25,165.0,60.0,90,"Peel the hoodie off gradually, as if it is snug around your shoulders, then put it back on and peel it off again in that slow, clinging way, repeatedly."
4284bd70-e6bf-4e4d-a5b1-19df22c09c50,Adjusting-adjust,,,63.183,male,20,177.0,65.0,90,"Shuttle between A and B while keeping both hands on the table and pushing it with you to adjust where it sits on the floor, repeatedly."
43a34bb6-a2d0-42fb-bf2e-f2c2312b62ed,Change_posture-lean,,,60.663,male,21,180.0,80.0,90,"With your hands on the chair seat, lean your upper body over the chair so your body slopes forward, then return to upright, repeatedly."
4449494f-8fe9-4e63-80a9-5190c20ac4d2,Placing-brush,,,60.927,male,24,170.0,50.0,90,"Squat and brush the bristles firmly across a small patch of floor in straight back-and-forth strokes, repeatedly."
448fd168-dc87-4d8d-b6fc-5676064b29fc,Placing-smear,,,62.089,male,20,177.0,65.0,90,"Walk a figure-eight around center while using one hand low to sweep seeds across the floor so they smear into a thin line on your path, repeatedly."
458c8073-30b2-4ea4-b52f-cc7b04f9fbf3,Placing-shoulder,,,63.997,male,24,170.0,50.0,90,"Lift the chair and carry it with the backrest resting on your shoulder, then set it back down, repeatedly."
4596a314-79c3-4784-96e5-00f4f008d60f,Cause_to_move_in_place-swirl,,,68.559,male,24,170.0,50.0,90,"Hold the box out in front of you and move it in a smooth horizontal circle, repeatedly."
460cbf1a-8ddd-41c5-a440-5b15540b8fe9,Cause_to_move_in_place-juggle,,,61.918,female,20,165.0,47.0,90,"With a ball in each hand, do a simple two-ball juggle by tossing one ball to the other hand and tossing the second ball before the first one is caught so they overlap briefly in the air, repeatedly."
4616cb16-452e-4154-883b-67946d93a81d,Taking-grab,,,61.449,male,21,180.0,80.0,90,"Walk a figure-eight around center while sliding the box along the floor with both hands, and frequently grab it up off the floor into your arms and return it down without letting go, repeatedly."
46b696c3-43d0-4969-8576-f14a6d2667d8,Emptying-expunge,,,74.269,male,20,177.0,65.0,90,"Shuttle between C and D while carrying the box and tipping it while wiping the inside as if expunging all traces, repeatedly."
46de959d-db26-42d2-b995-f470043777ed,Bringing-carry,,,68.248,female,22,164.0,50.0,90,"Carry the table with both hands and walk backward from D to A, then bring it back the same way, repeatedly."
4754e958-d574-495f-8ad0-18cf3eb005dc,Attaching-mount,,,62.02,male,24,170.0,50.0,90,"With both hands, mount the frame near the floor against the wall, then remount it at shoulder height, repeatedly."
47823ffb-2ca6-4139-a792-5b4f85a38343,Cause_motion-pull,,,63.592,male,22,175.0,80.0,90,"Shuttle between A and C while pulling the mop back toward your body each time you set off, repeatedly."
4840ffe6-3dd0-4590-a447-fa9e164ef264,Taking-seize,,,65.183,male,23,175.0,80.0,90,"Walk a figure-eight around center while sliding the box along the floor with both hands, and periodically yank it up off the floor as if it is being resisted, repeatedly."
4976d25a-b9c4-4947-8c55-4f1232cfa5be,Bringing-hump,,,63.455,female,25,160.0,47.0,90,"Hump the table sideways from C to D by side-stepping while you keep it tilted on two legs and force it along, repeatedly."
4a11ef00-29d9-49b1-94ff-4a21f693f052,Manipulation-hold,,,61.092,male,20,177.0,65.0,90,"Hold the ball behind your lower back with both hands, keeping it pressed in place without letting it slip."
4a9c1965-ee75-4208-b5d1-ef68e35c65d8,Emptying-divest,,,61.279,male,20,177.0,65.0,90,"While walking backward from C to D, divest yourself of the zip-up hoodie by taking it off and letting it hang from your hand, then put it back on, repeatedly."
4ba07d10-b197-47af-bc01-89af56505d3c,Taking-seize,,,62.069,male,20,177.0,65.0,90,"Shuttle between A and B while gripping the chair firmly and snapping it close to you each time you change direction, repeatedly."
4c988287-246d-4b91-b142-3282e6af4554,Food_gathering-pick,,,63.505,female,20,165.0,47.0,90,"Squat down to pick an apple from the floor, then rise and hold it up at about chest height before placing it back down, repeatedly."
4cdad69e-62a6-48d3-b9e4-0a1bc181914f,Adjusting-tweak,,,60.967,male,20,177.0,65.0,90,"With both hands on the tabletop edge, give the table tiny nudges to fine-tune its placement without moving it much overall, repeatedly."
4d2fc8c1-6d90-4f89-afd2-557c961c4329,Placing-smear,,,60.859,male,20,177.0,65.0,90,"Walk a figure-eight around center while smearing mud onto the floor each time you pass through the middle, repeatedly."
4dc9f1b1-a099-4254-909e-14f15cc15296,Cause_to_move_in_place-swing,,,71.83,male,22,175.0,80.0,90,"Walk a figure-eight around center while keeping both hands on the tabletop and swinging the table gently side to side as you move around it, repeatedly."
4e146a70-a8ec-4aad-aa12-640ac5ec680c,Emptying-cleanse,,,61.948,male,20,177.0,65.0,90,"Hold the box close and wipe the inside with both palms in long strokes as if cleansing it, repeatedly."
4ea1cc7c-ef0d-49fb-a371-f1052c84a429,Emptying-unload,,,65.156,female,25,160.0,47.0,90,"Walk backward from D to A while lowering the box and tipping it forward as if unloading it onto the floor, repeatedly."
4efa2823-c021-4c78-b7d4-21806a6be3b1,Placing-pile,,,60.998,male,24,170.0,50.0,90,"Shuttle between center and A carrying a book, and each time you arrive at A, place it onto the top of a growing pile, repeatedly."
4efd57d3-52e2-4d6b-97f6-a67afe413fe2,Cause_motion-lift,,,64.099,male,25,165.0,60.0,90,"Walk backward from A to B while holding the chair off the floor, briefly lifting it higher and lowering it slightly as you move, repeatedly."
4fffac6e-85bc-4b7b-9764-840edd812c4a,Placing-insert,,,62.454,male,25,165.0,60.0,90,"Walk a figure-eight around center while inserting the key into the padlock keyway and removing it, repeatedly."
507ddfcb-3c76-4427-835c-bda108541a3b,Cause_motion-pull,,,67.961,female,25,160.0,47.0,90,"Walk backward from A to center while pulling the mop toward you so it follows behind your steps, repeatedly."
515fdb4a-ef3f-4523-bdd1-f34717617296,Filling-shower,,,65.876,male,24,170.0,50.0,90,"Side-step along the edge from A to B while letting seeds shower down in a scattered trail on the floor beside you, repeatedly."
527d874a-31f0-48b9-ae63-c9c9ab2bf77d,Cause_to_move_in_place-juggle,,,61.845,male,23,175.0,80.0,90,"With a ball in each hand, do a simple two-ball juggle by tossing one ball to the other hand and tossing the second ball before the first one is caught so they overlap briefly in the air, repeatedly."
52dbab9f-8c10-419b-880a-2eac06824c52,Placing-immerse,,,66.044,male,24,170.0,50.0,90,"Side-step from A to B while dipping the hoodie into the bucket and lifting it back out, repeatedly."
53515468-b461-44f5-aa18-afb97cacee02,Placing-immerse,,,60.83,male,20,177.0,65.0,90,Push the hoodie down into the bucket so it stays tucked inside below the rim.
53889fbb-4396-4e7f-8e97-3f13e665db83,Manipulation-tickle,,,62.961,male,25,165.0,60.0,90,"Lightly brush the back of your hand over the side of your waist in small, quick strokes, repeatedly."
54b49cff-9d71-4e92-a874-9e5fc230e258,Placing-lean,,,63.713,female,22,164.0,50.0,90,"Side-step along the edge from A to B while keeping both hands on the box and leaning it against the wall so it slides along, repeatedly."
55e2c102-fe95-4be2-b30b-d5eae2e76da2,Manipulation-tickle,,,63.195,male,22,175.0,80.0,90,"Lightly brush the back of your hand over the side of your waist in small, quick strokes, repeatedly."
56301ed9-c4e8-4423-872d-bd0c8e131cb0,Placing-insert,,,61.61,male,25,165.0,60.0,90,"Set the box with its opening facing up, and insert the ball down into the box as if fitting it neatly inside, repeatedly."
57244f87-3708-4257-b581-eb875be187f6,Removing-take,,,62.223,male,24,170.0,50.0,90,"Take the bucket away from right in front of you by pulling it in close and shifting it to your side while keeping your hands on it, repeatedly."
5763d590-5323-40fd-b5bf-ed46017f42c6,Cause_motion-push,,,76.601,female,25,160.0,47.0,90,"Shuttle between A and C while pushing the table ahead of you the whole way, repeatedly."
57d8e59c-01ee-470b-9cda-862eb1ae0021,Attaching-fasten,,,64.684,male,24,170.0,50.0,90,"Fasten the box against your torso by looping the rope around you and the box and tying it, then walk a figure-eight around center."
582c445a-08e9-4bb3-93bd-db65e55ae2ee,Change_posture-lean,,,64.228,female,20,165.0,47.0,90,"Hold the box against your torso and lean your body to one side into a sloping posture, then return upright, repeatedly."
5914b599-8ae7-4411-ac16-2b73176adaba,Adjusting-tweak,,,63.488,male,23,175.0,80.0,90,"Walk a figure-eight around center while carrying the closed box with both hands, and make tiny grip shifts to subtly level the box and keep the lid seated, repeatedly."
59a539cb-469e-4f40-b469-967a93fb913e,Removing-dislodge,,,62.368,female,25,160.0,47.0,90,"Side-step along the edge from A to B while giving the bucket short, sudden shakes to dislodge anything stuck inside, repeatedly."
59cd1bae-26de-4ccc-86fe-edd8dee33412,Removing-dislodge,,,61.551,male,21,180.0,80.0,90,"Set the bucket down and lightly bump its base against the floor to dislodge anything wedged inside, repeatedly."
